Date,Day,Season,Total guests,PSV_Count,Effenaar_Count,Temperature,Rain,Duration rain,Max rain,Timezone max rain,Wind,Timezone max wind,Temperature difference
2024-03-15,Friday,Winter,53.0,0.0,2.0,15.8,1.8,1.0,0.7000000000000001,17.0,5.1000000000000005,13.0,0.8000000000000007
2024-03-14,Thursday,Winter,55.0,0.0,1.0,18.1,0.0,0.0,0.0,1.0,3.5,11.0,3.1000000000000014
2024-03-13,Wednesday,Winter,11.0,0.0,0.0,13.200000000000001,1.6,3.7,0.5,6.0,4.2,15.0,1.799999999999999
2024-03-12,Tuesday,Winter,20.0,0.0,0.0,10.8,4.5,9.8,0.8,19.0,3.8000000000000003,11.0,4.199999999999999
2024-03-11,Monday,Winter,45.0,0.0,0.0,8.4,21.0,18.8,3.3000000000000003,13.0,2.0,10.0,6.6
2024-03-10,Sunday,Winter,58.0,0.0,2.0,14.100000000000001,0.0,0.0,0.0,1.0,3.3000000000000003,2.0,0.8999999999999986
2024-03-09,Saturday,Winter,87.0,0.0,2.0,14.4,-0.1,0.0,-0.1,1.0,3.7,15.0,0.5999999999999996
2024-03-08,Friday,Winter,107.0,0.0,3.0,11.600000000000001,0.0,0.0,0.0,1.0,4.800000000000001,12.0,3.3999999999999986
2024-03-07,Thursday,Winter,32.0,0.0,1.0,10.200000000000001,0.0,0.0,0.0,1.0,4.0,10.0,4.799999999999999
2024-03-06,Wednesday,Winter,19.0,0.0,0.0,12.700000000000001,0.0,0.0,0.0,1.0,1.8,22.0,2.299999999999999
2024-03-05,Tuesday,Winter,36.0,0.0,0.0,9.1,0.2,0.8,0.2,15.0,1.4000000000000001,12.0,5.9
2024-03-04,Monday,Winter,45.0,0.0,0.0,12.3,0.0,0.0,0.0,1.0,2.0,1.0,2.6999999999999993
2024-03-03,Sunday,Winter,85.0,0.0,1.0,15.700000000000001,0.1,0.30000000000000004,0.1,9.0,2.9000000000000004,19.0,0.7000000000000011
2024-03-02,Saturday,Winter,67.0,0.0,1.0,13.9,0.30000000000000004,1.2000000000000002,0.2,1.0,4.800000000000001,10.0,1.0999999999999996
2024-03-01,Friday,Winter,69.0,0.0,1.0,10.4,0.8,0.9,0.8,4.0,5.5,12.0,4.6
2024-02-29,Thursday,Winter,32.0,0.0,0.0,10.0,2.8000000000000003,6.1000000000000005,0.7000000000000001,18.0,4.6000000000000005,9.0,5.0
2024-02-28,Wednesday,Winter,40.0,0.0,1.0,8.9,0.0,0.0,0.0,1.0,3.1,11.0,6.1
2024-02-27,Tuesday,Winter,43.0,0.0,0.0,8.8,0.0,0.0,0.0,1.0,3.3000000000000003,4.0,6.199999999999999
2024-02-26,Monday,Winter,24.0,0.0,0.0,6.9,17.400000000000002,16.400000000000002,2.2,13.0,6.6000000000000005,12.0,8.1
2024-02-25,Sunday,Winter,46.0,0.0,2.0,10.200000000000001,2.1,2.9000000000000004,0.9,5.0,3.6,1.0,4.799999999999999
2024-02-24,Saturday,Winter,91.0,0.0,0.0,7.7,1.7000000000000002,2.2,0.9,8.0,4.3,11.0,7.3
2024-02-23,Friday,Winter,71.0,0.0,2.0,8.3,0.7000000000000001,0.6000000000000001,0.6000000000000001,15.0,6.4,10.0,6.699999999999999
2024-02-22,Thursday,Winter,38.0,0.0,1.0,13.200000000000001,9.700000000000001,5.5,3.4000000000000004,18.0,6.800000000000001,20.0,1.799999999999999
2024-02-21,Wednesday,Winter,71.0,0.0,1.0,10.9,6.0,8.5,1.1,18.0,6.2,14.0,4.1
2024-02-20,Tuesday,Winter,47.0,0.0,0.0,12.3,0.0,0.0,0.0,1.0,4.9,13.0,2.6999999999999993
2024-02-19,Monday,Winter,24.0,0.0,0.0,10.9,2.4000000000000004,1.6,1.2000000000000002,18.0,3.9000000000000004,13.0,4.1
2024-02-18,Sunday,Winter,46.0,0.0,0.0,11.4,5.2,10.700000000000001,0.8,10.0,5.800000000000001,15.0,3.5999999999999996
2024-02-17,Saturday,Winter,112.0,0.0,2.0,13.700000000000001,0.0,0.0,0.0,1.0,2.8000000000000003,1.0,1.299999999999999
2024-02-16,Friday,Winter,91.0,0.0,1.0,14.100000000000001,1.3,1.7000000000000002,0.4,13.0,3.6,10.0,0.8999999999999986
2024-02-15,Thursday,Winter,51.0,0.0,0.0,16.8,2.7,2.5,1.3,8.0,3.3000000000000003,1.0,1.8000000000000007
2024-02-14,Wednesday,Winter,71.0,0.0,0.0,12.5,3.7,6.2,1.0,15.0,6.2,4.0,2.5
2024-02-13,Tuesday,Winter,28.0,0.0,0.0,10.8,0.4,1.4000000000000001,0.2,19.0,4.7,12.0,4.199999999999999
2024-02-12,Monday,Winter,68.0,0.0,0.0,10.8,0.4,0.6000000000000001,0.2,6.0,3.4000000000000004,9.0,4.199999999999999
2024-02-11,Sunday,Winter,57.0,0.0,0.0,10.8,1.1,2.9000000000000004,0.7000000000000001,5.0,2.8000000000000003,6.0,4.199999999999999
2024-02-10,Saturday,Winter,77.0,0.0,0.0,12.600000000000001,1.5,3.9000000000000004,0.8,20.0,2.5,1.0,2.3999999999999986
2024-02-09,Friday,Winter,26.0,0.0,1.0,13.600000000000001,3.7,5.5,1.1,3.0,4.4,5.0,1.3999999999999986
2024-02-08,Thursday,Winter,9.0,0.0,0.0,11.0,17.400000000000002,13.100000000000001,3.0,15.0,2.8000000000000003,21.0,4.0
2024-02-07,Wednesday,Winter,20.0,0.0,0.0,10.8,17.8,6.6000000000000005,6.9,3.0,2.5,1.0,4.199999999999999
2024-02-06,Tuesday,Winter,34.0,0.0,0.0,12.200000000000001,3.9000000000000004,3.8000000000000003,1.5,24.0,9.8,24.0,2.799999999999999
2024-02-05,Monday,Winter,17.0,0.0,0.0,11.700000000000001,-0.1,0.0,-0.1,1.0,8.4,13.0,3.299999999999999
2024-02-04,Sunday,Winter,59.0,0.0,0.0,12.4,5.5,6.6000000000000005,1.0,11.0,6.4,18.0,2.5999999999999996
2024-02-03,Saturday,Winter,104.0,0.0,1.0,10.600000000000001,7.6000000000000005,9.8,1.8,23.0,5.4,11.0,4.399999999999999
2024-02-02,Friday,Winter,73.0,0.0,0.0,10.100000000000001,0.1,0.6000000000000001,0.1,24.0,6.1000000000000005,9.0,4.899999999999999
2024-02-01,Thursday,Winter,28.0,0.0,1.0,9.4,3.6,3.3000000000000003,1.8,1.0,3.1,1.0,5.6
2024-01-31,Wednesday,Winter,23.0,0.0,0.0,8.4,-0.1,0.0,-0.1,1.0,4.2,23.0,6.6
2024-01-30,Tuesday,Winter,30.0,0.0,0.0,12.100000000000001,0.30000000000000004,0.8,0.1,20.0,4.3,13.0,2.8999999999999986
2024-01-29,Monday,Winter,22.0,0.0,0.0,12.100000000000001,0.0,0.0,0.0,1.0,2.7,12.0,2.8999999999999986
2024-01-28,Sunday,Winter,45.0,0.0,1.0,10.8,0.0,0.0,0.0,1.0,2.8000000000000003,14.0,4.199999999999999
2024-01-27,Saturday,Winter,97.0,0.0,1.0,7.9,0.0,0.0,0.0,1.0,2.5,13.0,7.1
2024-01-26,Friday,Winter,103.0,0.0,2.0,11.600000000000001,3.8000000000000003,3.6,1.5,7.0,5.4,10.0,3.3999999999999986
2024-01-25,Thursday,Winter,46.0,0.0,0.0,10.3,1.4000000000000001,3.6,0.5,16.0,3.2,21.0,4.699999999999999
2024-01-24,Wednesday,Winter,18.0,0.0,0.0,13.700000000000001,1.0,1.1,0.9,3.0,8.200000000000001,1.0,1.299999999999999
2024-01-23,Tuesday,Winter,30.0,0.0,0.0,13.4,2.4000000000000004,4.6000000000000005,1.1,18.0,7.5,22.0,1.5999999999999996
2024-01-22,Monday,Winter,30.0,0.0,0.0,11.5,13.200000000000001,6.6000000000000005,5.9,11.0,9.0,1.0,3.5
2024-01-21,Sunday,Winter,51.0,0.0,0.0,9.1,-0.1,0.0,-0.1,1.0,7.0,24.0,5.9
2024-01-20,Saturday,Winter,91.0,0.0,0.0,1.0,0.0,0.0,0.0,1.0,4.0,1.0,14.0
2024-01-19,Friday,Winter,65.0,0.0,1.0,2.4000000000000004,-0.1,0.0,-0.1,1.0,3.8000000000000003,23.0,12.6
2024-01-18,Thursday,Winter,32.0,0.0,1.0,3.8000000000000003,0.0,0.0,0.0,1.0,1.7000000000000002,13.0,11.2
2024-01-17,Wednesday,Winter,29.0,0.0,0.0,-0.5,0.0,0.0,0.0,1.0,1.9000000000000001,2.0,15.5
2024-01-16,Tuesday,Winter,28.0,0.0,0.0,1.3,0.4,0.6000000000000001,0.30000000000000004,3.0,4.0,2.0,13.7
2024-01-15,Monday,Winter,28.0,0.0,0.0,1.6,6.6000000000000005,6.2,1.0,14.0,4.5,10.0,13.4
2024-01-14,Sunday,Winter,59.0,0.0,0.0,1.4000000000000001,3.7,6.6000000000000005,1.2000000000000002,24.0,5.4,11.0,13.6
2024-01-13,Saturday,Winter,123.0,0.0,2.0,3.3000000000000003,0.1,0.30000000000000004,0.1,18.0,4.1000000000000005,21.0,11.7
2024-01-12,Friday,Winter,66.0,0.0,1.0,3.0,0.0,0.0,0.0,1.0,1.5,11.0,12.0
2024-01-11,Thursday,Winter,30.0,0.0,0.0,0.30000000000000004,0.0,0.0,0.0,1.0,2.2,14.0,14.7
2024-01-10,Wednesday,Winter,14.0,0.0,0.0,0.2,0.0,0.0,0.0,1.0,3.0,10.0,14.8
2024-01-09,Tuesday,Winter,32.0,0.0,0.0,-0.1,0.0,0.0,0.0,1.0,5.5,12.0,15.1
2024-01-08,Monday,Winter,32.0,0.0,0.0,-0.1,-0.1,0.0,-0.1,1.0,6.5,14.0,15.1
2024-01-07,Sunday,Winter,54.0,0.0,1.0,1.4000000000000001,-0.1,0.0,-0.1,1.0,5.5,9.0,13.6
2024-01-06,Saturday,Winter,61.0,0.0,3.0,6.800000000000001,-0.1,0.0,-0.1,1.0,3.8000000000000003,14.0,8.2
2024-01-05,Friday,Winter,61.0,0.0,1.0,9.1,1.9000000000000001,3.7,0.7000000000000001,9.0,6.2,12.0,5.9
2024-01-04,Thursday,Winter,56.0,0.0,0.0,9.4,6.0,5.0,1.1,12.0,4.1000000000000005,1.0,5.6
2024-01-03,Wednesday,Winter,20.0,0.0,0.0,11.700000000000001,22.8,8.9,4.3,20.0,7.800000000000001,1.0,3.299999999999999
2024-01-02,Tuesday,Winter,51.0,0.0,0.0,12.5,20.200000000000003,13.5,2.9000000000000004,16.0,8.6,21.0,2.5
2024-01-01,Monday,Winter,11.0,0.0,0.0,9.0,2.8000000000000003,4.5,0.6000000000000001,1.0,7.6000000000000005,1.0,6.0
2023-12-31,Sunday,Winter,0.0,0.0,1.0,11.0,1.3,2.1,0.6000000000000001,11.0,7.4,19.0,4.0
2023-12-30,Saturday,Winter,61.0,0.0,0.0,10.3,0.1,0.1,0.1,19.0,5.6000000000000005,1.0,4.699999999999999
2023-12-29,Friday,Winter,76.0,0.0,0.0,11.4,15.3,4.1000000000000005,8.1,13.0,8.3,1.0,3.5999999999999996
2023-12-28,Thursday,Winter,64.0,0.0,1.0,11.5,0.0,0.0,0.0,1.0,9.3,6.0,3.5
2023-12-27,Wednesday,Winter,55.0,0.0,0.0,10.8,3.7,3.4000000000000004,1.6,6.0,5.0,24.0,4.199999999999999
2023-12-26,Tuesday,Winter,2.0,0.0,0.0,11.0,5.1000000000000005,3.1,1.8,1.0,4.7,1.0,4.0
2023-12-25,Monday,Winter,2.0,0.0,0.0,12.4,25.1,15.8,3.7,13.0,7.1000000000000005,24.0,2.5999999999999996
2023-12-24,Sunday,Winter,1.0,0.0,0.0,13.100000000000001,16.5,14.700000000000001,2.5,12.0,9.0,13.0,1.8999999999999986
2023-12-23,Saturday,Winter,62.0,0.0,2.0,11.4,0.30000000000000004,0.4,0.30000000000000004,3.0,8.3,7.0,3.5999999999999996
2023-12-22,Friday,Winter,68.0,0.0,1.0,11.100000000000001,6.800000000000001,2.4000000000000004,3.1,23.0,7.7,19.0,3.8999999999999986
2023-12-21,Thursday,Winter,56.0,1.0,1.0,12.0,22.3,11.9,8.1,20.0,8.0,12.0,3.0
2023-12-20,Wednesday,Autumn,38.0,0.0,1.0,9.0,2.0,4.800000000000001,0.7000000000000001,24.0,6.2,20.0,6.0
2023-12-19,Tuesday,Autumn,32.0,0.0,0.0,8.3,13.0,13.200000000000001,1.7000000000000002,15.0,6.0,5.0,6.699999999999999
2023-12-18,Monday,Autumn,35.0,0.0,2.0,6.2,0.0,0.0,0.0,1.0,5.6000000000000005,2.0,8.8
2023-12-17,Sunday,Autumn,51.0,0.0,0.0,9.5,0.30000000000000004,2.0,0.1,1.0,4.6000000000000005,9.0,5.5
2023-12-16,Saturday,Autumn,69.0,0.0,2.0,9.200000000000001,0.2,1.7000000000000002,0.1,23.0,4.7,11.0,5.799999999999999
2023-12-15,Friday,Autumn,82.0,0.0,2.0,9.4,-0.1,0.0,-0.1,1.0,2.8000000000000003,1.0,5.6
2023-12-14,Thursday,Autumn,48.0,0.0,1.0,7.7,0.0,0.0,0.0,1.0,2.9000000000000004,1.0,7.3
2023-12-13,Wednesday,Autumn,20.0,0.0,0.0,9.1,3.4000000000000004,3.5,1.1,8.0,2.4000000000000004,24.0,5.9
2023-12-12,Tuesday,Autumn,33.0,1.0,1.0,11.4,3.1,2.7,1.2000000000000002,21.0,3.1,17.0,3.5999999999999996
2023-12-11,Monday,Autumn,20.0,0.0,0.0,10.8,4.1000000000000005,4.0,1.6,16.0,6.300000000000001,6.0,4.199999999999999
2023-12-10,Sunday,Autumn,29.0,0.0,1.0,11.4,2.8000000000000003,4.5,1.2000000000000002,18.0,8.3,3.0,3.5999999999999996
2023-12-09,Saturday,Autumn,66.0,0.0,0.0,11.3,7.1000000000000005,6.6000000000000005,2.5,14.0,6.1000000000000005,13.0,3.6999999999999993
2023-12-08,Friday,Autumn,60.0,0.0,0.0,8.4,1.9000000000000001,2.6,1.2000000000000002,3.0,3.8000000000000003,11.0,6.6
2023-12-07,Thursday,Autumn,21.0,1.0,1.0,4.3,-0.1,0.0,-0.1,1.0,3.2,22.0,10.7
2023-12-06,Wednesday,Autumn,17.0,0.0,0.0,7.2,0.7000000000000001,0.4,0.7000000000000001,16.0,2.5,13.0,7.8
2023-12-05,Tuesday,Autumn,36.0,0.0,0.0,3.9000000000000004,0.9,2.9000000000000004,0.30000000000000004,3.0,2.9000000000000004,9.0,11.1
2023-12-04,Monday,Autumn,27.0,0.0,0.0,2.7,8.200000000000001,8.8,2.1,17.0,3.8000000000000003,16.0,12.3
2023-12-03,Sunday,Autumn,49.0,0.0,2.0,2.6,3.4000000000000004,5.1000000000000005,1.0,20.0,4.0,12.0,12.4
2023-12-02,Saturday,Autumn,43.0,0.0,0.0,1.0,0.0,0.0,0.0,1.0,2.5,22.0,14.0
2023-12-01,Friday,Autumn,57.0,0.0,2.0,1.1,0.0,0.0,0.0,1.0,3.4000000000000004,17.0,13.9
2023-11-30,Thursday,Autumn,23.0,0.0,0.0,3.4000000000000004,0.0,0.0,0.0,1.0,1.4000000000000001,13.0,11.6
2023-11-29,Wednesday,Autumn,21.0,0.0,1.0,3.7,6.7,3.4000000000000004,3.3000000000000003,3.0,3.3000000000000003,6.0,11.3
2023-11-28,Tuesday,Autumn,29.0,0.0,0.0,4.0,0.2,0.1,0.2,22.0,4.5,1.0,11.0
2023-11-27,Monday,Autumn,41.0,0.0,0.0,5.9,32.1,20.8,4.2,5.0,4.800000000000001,6.0,9.1
2023-11-26,Sunday,Autumn,53.0,0.0,1.0,7.2,0.6000000000000001,1.6,0.4,24.0,3.3000000000000003,22.0,7.8
2023-11-25,Saturday,Autumn,97.0,0.0,2.0,8.0,3.2,1.9000000000000001,1.0,12.0,3.0,5.0,7.0
2023-11-24,Friday,Autumn,61.0,0.0,3.0,10.4,3.5,2.9000000000000004,1.3,9.0,4.9,17.0,4.6
2023-11-23,Thursday,Autumn,39.0,0.0,1.0,12.600000000000001,0.8,1.2000000000000002,0.5,23.0,6.300000000000001,11.0,2.3999999999999986
2023-11-22,Wednesday,Autumn,14.0,0.0,0.0,6.800000000000001,-0.1,0.0,-0.1,1.0,3.0,20.0,8.2
2023-11-21,Tuesday,Autumn,27.0,0.0,0.0,10.4,0.6000000000000001,1.3,0.30000000000000004,17.0,2.6,18.0,4.6
2023-11-20,Monday,Autumn,18.0,0.0,0.0,12.3,3.3000000000000003,2.8000000000000003,1.8,14.0,4.1000000000000005,1.0,2.6999999999999993
2023-11-19,Sunday,Autumn,43.0,0.0,1.0,13.600000000000001,4.1000000000000005,4.4,1.9000000000000001,16.0,8.1,10.0,1.3999999999999986
2023-11-18,Saturday,Autumn,142.0,0.0,1.0,13.5,13.9,11.4,5.4,15.0,4.7,13.0,1.5
2023-11-17,Friday,Autumn,119.0,0.0,2.0,9.5,0.1,0.8,0.1,9.0,1.2000000000000002,11.0,5.5
2023-11-16,Thursday,Autumn,60.0,0.0,0.0,8.6,0.0,0.0,0.0,1.0,2.6,2.0,6.4
2023-11-15,Wednesday,Autumn,52.0,0.0,1.0,13.200000000000001,0.8,1.2000000000000002,0.4,6.0,5.800000000000001,11.0,1.799999999999999
2023-11-14,Tuesday,Autumn,33.0,0.0,0.0,13.200000000000001,26.200000000000003,8.8,7.4,21.0,7.0,3.0,1.799999999999999
2023-11-13,Monday,Autumn,62.0,0.0,1.0,15.200000000000001,11.5,7.7,2.3000000000000003,7.0,6.0,14.0,0.20000000000000107
2023-11-12,Sunday,Autumn,88.0,1.0,2.0,8.4,0.0,0.0,0.0,1.0,1.8,1.0,6.6
2023-11-11,Saturday,Autumn,120.0,0.0,1.0,10.3,0.4,0.4,0.30000000000000004,4.0,4.0,9.0,4.699999999999999
2023-11-10,Friday,Autumn,65.0,0.0,0.0,9.0,9.8,4.7,3.8000000000000003,19.0,4.7,3.0,6.0
2023-11-09,Thursday,Autumn,21.0,0.0,1.0,12.100000000000001,6.4,4.4,4.1000000000000005,17.0,5.5,1.0,2.8999999999999986
2023-11-08,Wednesday,Autumn,39.0,1.0,0.0,11.8,11.0,8.9,3.3000000000000003,21.0,6.2,13.0,3.1999999999999993
2023-11-07,Tuesday,Autumn,30.0,0.0,0.0,11.5,0.2,0.2,0.1,22.0,5.800000000000001,13.0,3.5
2023-11-06,Monday,Autumn,19.0,0.0,0.0,12.3,0.5,0.6000000000000001,0.4,14.0,6.6000000000000005,1.0,2.6999999999999993
2023-11-05,Sunday,Autumn,36.0,0.0,1.0,11.4,4.0,2.8000000000000003,1.9000000000000001,11.0,6.0,14.0,3.5999999999999996
2023-11-04,Saturday,Autumn,75.0,0.0,1.0,11.200000000000001,3.4000000000000004,4.5,0.9,13.0,5.1000000000000005,1.0,3.799999999999999
2023-11-03,Friday,Autumn,61.0,0.0,1.0,12.3,0.9,2.1,0.5,5.0,7.5,1.0,2.6999999999999993
2023-11-02,Thursday,Autumn,55.0,0.0,1.0,15.4,4.7,5.6000000000000005,1.5,22.0,9.700000000000001,14.0,0.40000000000000036
2023-11-01,Wednesday,Autumn,19.0,0.0,0.0,15.4,4.3,4.9,1.4000000000000001,3.0,5.300000000000001,14.0,0.40000000000000036
2023-10-31,Tuesday,Autumn,53.0,0.0,0.0,13.5,1.8,2.6,0.9,15.0,4.4,9.0,1.5
2023-10-30,Monday,Autumn,19.0,0.0,0.0,13.8,8.9,5.300000000000001,3.6,21.0,3.4000000000000004,23.0,1.1999999999999993
2023-10-29,Sunday,Autumn,58.0,1.0,1.0,15.600000000000001,4.6000000000000005,2.5,2.5,6.0,6.300000000000001,9.0,0.6000000000000014
2023-10-28,Saturday,Autumn,115.0,0.0,2.0,15.600000000000001,2.6,2.7,1.0,21.0,4.9,11.0,0.6000000000000014
2023-10-27,Friday,Autumn,66.0,0.0,1.0,13.3,14.3,9.8,2.4000000000000004,7.0,2.8000000000000003,13.0,1.6999999999999993
2023-10-26,Thursday,Autumn,42.0,0.0,2.0,12.0,0.2,0.9,0.1,17.0,1.7000000000000002,13.0,3.0
2023-10-25,Wednesday,Autumn,34.0,0.0,0.0,11.0,18.7,12.100000000000001,4.7,10.0,2.7,11.0,4.0
2023-10-24,Tuesday,Autumn,36.0,0.0,0.0,14.200000000000001,1.6,1.4000000000000001,1.1,12.0,4.4,3.0,0.7999999999999989
2023-10-23,Monday,Autumn,20.0,0.0,0.0,13.9,4.800000000000001,5.1000000000000005,2.5,21.0,2.6,14.0,1.0999999999999996
2023-10-22,Sunday,Autumn,61.0,0.0,0.0,15.600000000000001,1.1,1.5,0.5,3.0,3.9000000000000004,2.0,0.6000000000000014
2023-10-21,Saturday,Autumn,125.0,1.0,0.0,16.400000000000002,0.6000000000000001,1.6,0.2,8.0,5.800000000000001,10.0,1.4000000000000021
2023-10-20,Friday,Autumn,74.0,0.0,0.0,15.0,45.7,11.4,8.9,10.0,3.9000000000000004,8.0,0.0
2023-10-19,Thursday,Autumn,48.0,0.0,0.0,17.7,1.0,2.1,0.5,14.0,3.0,1.0,2.6999999999999993
2023-10-18,Wednesday,Autumn,36.0,0.0,1.0,14.4,13.5,2.9000000000000004,10.9,21.0,4.4,12.0,0.5999999999999996
2023-10-17,Tuesday,Autumn,43.0,0.0,0.0,13.3,0.0,0.0,0.0,1.0,3.9000000000000004,12.0,1.6999999999999993
2023-10-16,Monday,Autumn,58.0,0.0,0.0,13.3,0.0,0.0,0.0,1.0,1.8,16.0,1.6999999999999993
2023-10-15,Sunday,Autumn,33.0,0.0,2.0,11.100000000000001,6.1000000000000005,3.3000000000000003,3.0,5.0,2.4000000000000004,3.0,3.8999999999999986
2023-10-14,Saturday,Autumn,88.0,0.0,2.0,15.200000000000001,4.800000000000001,1.2000000000000002,3.3000000000000003,1.0,4.0,10.0,0.20000000000000107
2023-10-13,Friday,Autumn,61.0,0.0,2.0,23.700000000000003,17.3,7.6000000000000005,7.300000000000001,19.0,6.5,14.0,8.700000000000003
2023-10-12,Thursday,Autumn,44.0,0.0,0.0,17.6,3.7,5.6000000000000005,1.0,3.0,4.0,15.0,2.6000000000000014
2023-10-11,Wednesday,Autumn,21.0,0.0,0.0,21.400000000000002,0.0,0.0,0.0,1.0,5.1000000000000005,9.0,6.400000000000002
2023-10-10,Tuesday,Autumn,39.0,0.0,0.0,23.8,0.0,0.0,0.0,1.0,3.4000000000000004,23.0,8.8
2023-10-09,Monday,Autumn,35.0,0.0,0.0,21.700000000000003,0.0,0.0,0.0,1.0,3.0,9.0,6.700000000000003
2023-10-08,Sunday,Autumn,166.0,0.0,0.0,19.400000000000002,0.0,0.0,0.0,1.0,2.0,1.0,4.400000000000002
2023-10-07,Saturday,Autumn,83.0,0.0,0.0,22.5,-0.1,0.0,-0.1,1.0,5.1000000000000005,10.0,7.5
2023-10-06,Friday,Autumn,50.0,0.0,2.0,20.400000000000002,0.0,0.0,0.0,1.0,4.5,10.0,5.400000000000002
2023-10-05,Thursday,Autumn,30.0,0.0,1.0,18.900000000000002,0.0,0.0,0.0,1.0,3.8000000000000003,1.0,3.900000000000002
2023-10-04,Wednesday,Autumn,16.0,0.0,1.0,17.3,-0.1,0.0,-0.1,1.0,4.3,10.0,2.3000000000000007
2023-10-03,Tuesday,Autumn,29.0,1.0,0.0,20.3,1.8,1.4000000000000001,0.7000000000000001,14.0,5.1000000000000005,5.0,5.300000000000001
2023-10-02,Monday,Autumn,39.0,0.0,0.0,25.400000000000002,0.0,0.0,0.0,1.0,2.3000000000000003,23.0,10.400000000000002
2023-10-01,Sunday,Autumn,81.0,0.0,0.0,24.6,0.0,0.0,0.0,1.0,2.7,11.0,9.600000000000001
2023-09-30,Saturday,Autumn,84.0,1.0,2.0,19.3,0.0,0.0,0.0,1.0,2.2,11.0,4.300000000000001
2023-09-29,Friday,Autumn,87.0,0.0,0.0,21.5,1.8,0.4,1.7000000000000002,13.0,3.7,10.0,6.5
2023-09-28,Thursday,Autumn,42.0,0.0,0.0,21.5,0.0,0.0,0.0,1.0,3.0,9.0,6.5
2023-09-27,Wednesday,Autumn,38.0,1.0,1.0,24.700000000000003,0.0,0.0,0.0,1.0,2.0,22.0,9.700000000000003
2023-09-26,Tuesday,Autumn,27.0,0.0,0.0,22.400000000000002,0.0,0.0,0.0,1.0,1.4000000000000001,8.0,7.400000000000002
2023-09-25,Monday,Autumn,32.0,0.0,0.0,22.5,0.0,0.0,0.0,1.0,2.3000000000000003,8.0,7.5
2023-09-24,Sunday,Autumn,44.0,0.0,0.0,20.6,0.0,0.0,0.0,1.0,2.8000000000000003,11.0,5.600000000000001
2023-09-23,Saturday,Autumn,67.0,0.0,1.0,17.0,2.2,0.8,2.1,13.0,3.8000000000000003,11.0,2.0
2023-09-22,Friday,Summer,58.0,0.0,1.0,18.400000000000002,12.200000000000001,3.7,5.7,19.0,3.8000000000000003,9.0,3.400000000000002
2023-09-21,Thursday,Summer,30.0,0.0,0.0,19.6,7.0,8.3,4.2,16.0,3.6,23.0,4.600000000000001
2023-09-20,Wednesday,Summer,24.0,0.0,0.0,21.700000000000003,0.0,0.0,0.0,1.0,5.300000000000001,8.0,6.700000000000003
2023-09-19,Tuesday,Summer,30.0,0.0,0.0,20.700000000000003,-0.1,0.0,-0.1,1.0,7.2,12.0,5.700000000000003
2023-09-18,Monday,Summer,12.0,0.0,0.0,24.200000000000003,5.6000000000000005,0.5,5.6000000000000005,16.0,5.9,12.0,9.200000000000003
2023-09-17,Sunday,Summer,50.0,0.0,1.0,23.5,2.4000000000000004,1.6,1.7000000000000002,3.0,2.2,2.0,8.5
2023-09-16,Saturday,Summer,54.0,1.0,0.0,25.6,16.8,0.6000000000000001,16.3,18.0,2.0,18.0,10.600000000000001
2023-09-15,Friday,Summer,39.0,0.0,2.0,23.400000000000002,0.0,0.0,0.0,1.0,1.6,14.0,8.400000000000002
2023-09-14,Thursday,Summer,34.0,0.0,0.0,22.1,0.0,0.0,0.0,1.0,1.2000000000000002,8.0,7.100000000000001
2023-09-13,Wednesday,Summer,21.0,0.0,0.0,20.400000000000002,3.7,0.7000000000000001,3.5,9.0,3.1,9.0,5.400000000000002
2023-09-12,Tuesday,Summer,41.0,0.0,0.0,25.5,3.8000000000000003,3.3000000000000003,1.6,21.0,1.5,21.0,10.5
2023-09-11,Monday,Summer,34.0,0.0,0.0,29.3,5.2,0.9,3.8000000000000003,19.0,2.3000000000000003,16.0,14.3
2023-09-10,Sunday,Summer,34.0,0.0,1.0,32.2,0.0,0.0,0.0,1.0,1.5,5.0,17.200000000000003
2023-09-09,Saturday,Summer,33.0,0.0,1.0,30.1,0.0,0.0,0.0,1.0,1.1,11.0,15.100000000000001
2023-09-08,Friday,Summer,72.0,0.0,1.0,31.400000000000002,0.0,0.0,0.0,1.0,1.6,15.0,16.400000000000002
2023-09-07,Thursday,Summer,29.0,0.0,1.0,30.0,0.0,0.0,0.0,1.0,2.5,10.0,15.0
2023-09-06,Wednesday,Summer,26.0,0.0,0.0,30.6,0.0,0.0,0.0,1.0,2.0,12.0,15.600000000000001
2023-09-05,Tuesday,Summer,43.0,0.0,0.0,30.1,0.0,0.0,0.0,1.0,2.8000000000000003,13.0,15.100000000000001
2023-09-04,Monday,Summer,25.0,0.0,0.0,26.6,0.0,0.0,0.0,1.0,2.7,12.0,11.600000000000001
2023-09-03,Sunday,Summer,61.0,0.0,0.0,24.6,0.0,0.0,0.0,1.0,1.8,10.0,9.600000000000001
2023-09-02,Saturday,Summer,67.0,0.0,2.0,22.0,0.0,0.0,0.0,1.0,1.7000000000000002,13.0,7.0
2023-09-01,Friday,Summer,71.0,0.0,1.0,22.3,14.0,5.7,2.8000000000000003,10.0,1.7000000000000002,1.0,7.300000000000001
2023-08-31,Thursday,Summer,22.0,0.0,0.0,21.3,0.6000000000000001,0.4,0.6000000000000001,14.0,3.2,11.0,6.300000000000001
2023-08-30,Wednesday,Summer,76.0,1.0,0.0,19.8,2.0,1.9000000000000001,1.4000000000000001,8.0,3.8000000000000003,9.0,4.800000000000001
2023-08-29,Tuesday,Summer,36.0,0.0,0.0,21.3,0.0,0.0,0.0,1.0,1.5,15.0,6.300000000000001
2023-08-28,Monday,Summer,16.0,0.0,0.0,20.5,-0.1,0.0,-0.1,1.0,2.1,9.0,5.5
2023-08-27,Sunday,Summer,85.0,0.0,0.0,20.6,8.3,2.6,5.0,13.0,3.3000000000000003,10.0,5.600000000000001
2023-08-26,Saturday,Summer,88.0,0.0,0.0,23.1,0.1,0.30000000000000004,0.1,24.0,4.1000000000000005,10.0,8.100000000000001
2023-08-25,Friday,Summer,29.0,0.0,0.0,23.1,7.9,1.8,4.0,10.0,2.3000000000000003,15.0,8.100000000000001
2023-08-24,Thursday,Summer,26.0,0.0,1.0,25.5,3.1,1.7000000000000002,2.6,22.0,2.5,13.0,10.5
2023-08-23,Wednesday,Summer,14.0,0.0,0.0,27.3,0.0,0.0,0.0,1.0,1.7000000000000002,11.0,12.3
2023-08-22,Tuesday,Summer,23.0,0.0,0.0,24.900000000000002,0.0,0.0,0.0,1.0,2.0,12.0,9.900000000000002
2023-08-21,Monday,Summer,29.0,0.0,0.0,26.900000000000002,0.0,0.0,0.0,1.0,1.5,12.0,11.900000000000002
2023-08-20,Sunday,Summer,42.0,0.0,0.0,28.1,0.0,0.0,0.0,1.0,1.8,17.0,13.100000000000001
2023-08-19,Saturday,Summer,44.0,0.0,0.0,27.1,-0.1,0.0,-0.1,1.0,2.3000000000000003,11.0,12.100000000000001
2023-08-18,Friday,Summer,57.0,0.0,0.0,27.1,0.0,0.0,0.0,1.0,2.6,1.0,12.100000000000001
2023-08-17,Thursday,Summer,39.0,0.0,0.0,20.1,0.0,0.0,0.0,1.0,3.8000000000000003,1.0,5.100000000000001
2023-08-16,Wednesday,Summer,51.0,0.0,0.0,25.0,0.0,0.0,0.0,1.0,3.3000000000000003,16.0,10.0
2023-08-15,Tuesday,Summer,26.0,0.0,0.0,26.5,-0.1,0.0,-0.1,1.0,2.8000000000000003,11.0,11.5
2023-08-14,Monday,Summer,32.0,0.0,1.0,27.700000000000003,-0.1,0.0,-0.1,1.0,2.0,10.0,12.700000000000003
2023-08-13,Sunday,Summer,81.0,0.0,0.0,25.400000000000002,0.0,0.0,0.0,1.0,2.3000000000000003,12.0,10.400000000000002
2023-08-12,Saturday,Summer,93.0,1.0,0.0,24.700000000000003,15.4,3.5,7.9,5.0,3.2,9.0,9.700000000000003
2023-08-11,Friday,Summer,39.0,0.0,0.0,29.0,0.2,0.8,0.2,23.0,2.3000000000000003,13.0,14.0
2023-08-10,Thursday,Summer,35.0,0.0,0.0,25.5,0.0,0.0,0.0,1.0,1.5,8.0,10.5
2023-08-09,Wednesday,Summer,41.0,0.0,0.0,22.8,0.5,0.4,0.5,1.0,2.5,13.0,7.800000000000001
2023-08-08,Tuesday,Summer,53.0,1.0,0.0,21.1,11.600000000000001,5.6000000000000005,4.9,24.0,4.9,13.0,6.100000000000001
2023-08-07,Monday,Summer,36.0,0.0,0.0,20.200000000000003,0.1,0.4,0.1,13.0,4.6000000000000005,11.0,5.200000000000003
2023-08-06,Sunday,Summer,64.0,0.0,0.0,17.0,25.700000000000003,9.1,10.9,16.0,3.5,8.0,2.0
2023-08-05,Saturday,Summer,114.0,0.0,0.0,18.8,4.1000000000000005,3.2,1.3,18.0,3.1,11.0,3.8000000000000007
2023-08-04,Friday,Summer,60.0,0.0,0.0,21.3,1.9000000000000001,0.6000000000000001,1.4000000000000001,13.0,2.5,17.0,6.300000000000001
2023-08-03,Thursday,Summer,26.0,0.0,0.0,19.6,9.200000000000001,4.800000000000001,2.7,13.0,5.6000000000000005,1.0,4.600000000000001
2023-08-02,Wednesday,Summer,35.0,0.0,0.0,24.1,14.4,7.5,3.1,12.0,5.800000000000001,14.0,9.100000000000001
2023-08-01,Tuesday,Summer,76.0,0.0,0.0,22.3,0.8,0.7000000000000001,0.8,7.0,5.300000000000001,14.0,7.300000000000001
2023-07-31,Monday,Summer,47.0,0.0,0.0,19.400000000000002,25.3,11.5,7.1000000000000005,19.0,5.9,1.0,4.400000000000002
2023-07-30,Sunday,Summer,60.0,1.0,0.0,23.200000000000003,17.900000000000002,5.9,6.9,20.0,5.5,10.0,8.200000000000003
2023-07-29,Saturday,Summer,85.0,0.0,0.0,23.6,9.1,1.6,8.6,13.0,3.8000000000000003,10.0,8.600000000000001
2023-07-28,Friday,Summer,64.0,0.0,0.0,23.900000000000002,0.2,1.3,0.1,1.0,3.2,8.0,8.900000000000002
2023-07-27,Thursday,Summer,38.0,0.0,0.0,19.1,14.600000000000001,19.1,3.4000000000000004,4.0,5.0,11.0,4.100000000000001
2023-07-26,Wednesday,Summer,58.0,1.0,0.0,22.5,1.5,0.8,1.4000000000000001,4.0,3.3000000000000003,11.0,7.5
2023-07-25,Tuesday,Summer,63.0,0.0,0.0,21.400000000000002,0.0,0.0,0.0,1.0,2.9000000000000004,15.0,6.400000000000002
2023-07-24,Monday,Summer,48.0,0.0,0.0,21.5,25.900000000000002,6.6000000000000005,6.5,2.0,3.3000000000000003,14.0,6.5
2023-07-23,Sunday,Summer,67.0,0.0,0.0,23.1,15.0,5.7,7.800000000000001,19.0,5.300000000000001,14.0,8.100000000000001
2023-07-22,Saturday,Summer,84.0,0.0,0.0,23.3,0.4,2.3000000000000003,0.2,20.0,3.9000000000000004,11.0,8.3
2023-07-21,Friday,Summer,35.0,0.0,0.0,21.700000000000003,0.1,0.4,0.1,12.0,2.8000000000000003,11.0,6.700000000000003
2023-07-20,Thursday,Summer,42.0,0.0,0.0,23.1,-0.1,0.0,-0.1,1.0,1.8,18.0,8.100000000000001
2023-07-19,Wednesday,Summer,24.0,0.0,0.0,23.900000000000002,-0.1,0.0,-0.1,1.0,3.1,13.0,8.900000000000002
2023-07-18,Tuesday,Summer,52.0,0.0,0.0,25.0,0.0,0.0,0.0,1.0,2.3000000000000003,8.0,10.0
2023-07-17,Monday,Summer,40.0,0.0,0.0,23.5,3.0,0.7000000000000001,2.4000000000000004,14.0,3.8000000000000003,11.0,8.5
2023-07-16,Sunday,Summer,92.0,0.0,0.0,23.6,0.1,0.30000000000000004,0.1,23.0,5.5,10.0,8.600000000000001
2023-07-15,Saturday,Summer,87.0,0.0,0.0,27.5,8.8,1.9000000000000001,7.800000000000001,19.0,3.9000000000000004,15.0,12.5
2023-07-14,Friday,Summer,57.0,0.0,0.0,26.700000000000003,-0.1,0.0,-0.1,1.0,2.8000000000000003,10.0,11.700000000000003
2023-07-13,Thursday,Summer,39.0,0.0,0.0,22.5,0.6000000000000001,0.5,0.5,22.0,4.0,11.0,7.5
2023-07-12,Wednesday,Summer,46.0,0.0,0.0,24.200000000000003,1.3,1.1,1.0,3.0,4.4,11.0,9.200000000000003
2023-07-11,Tuesday,Summer,61.0,0.0,0.0,31.1,2.7,0.5,2.7,22.0,3.8000000000000003,9.0,16.1
2023-07-10,Monday,Summer,58.0,0.0,0.0,27.6,-0.1,0.0,-0.1,1.0,2.7,8.0,12.600000000000001
2023-07-09,Sunday,Summer,40.0,0.0,0.0,33.1,0.30000000000000004,0.6000000000000001,0.2,14.0,2.5,13.0,18.1
2023-07-08,Saturday,Summer,88.0,0.0,1.0,34.6,0.0,0.0,0.0,1.0,2.1,15.0,19.6
2023-07-07,Friday,Summer,68.0,0.0,0.0,29.8,0.0,0.0,0.0,1.0,2.5,22.0,14.8
2023-07-06,Thursday,Summer,26.0,0.0,0.0,23.400000000000002,0.0,0.0,0.0,1.0,2.8000000000000003,11.0,8.400000000000002
2023-07-05,Wednesday,Summer,18.0,0.0,0.0,22.5,3.4000000000000004,2.1,1.4000000000000001,1.0,7.0,7.0,7.5
2023-07-04,Tuesday,Summer,55.0,0.0,0.0,23.0,1.6,1.2000000000000002,0.9,24.0,4.6000000000000005,8.0,8.0
2023-07-03,Monday,Summer,56.0,0.0,0.0,21.8,0.0,0.0,0.0,1.0,6.5,17.0,6.800000000000001
2023-07-02,Sunday,Summer,34.0,0.0,0.0,23.0,0.0,0.0,0.0,1.0,4.2,14.0,8.0
2023-07-01,Saturday,Summer,66.0,0.0,2.0,22.0,2.1,4.1000000000000005,0.6000000000000001,5.0,4.800000000000001,13.0,7.0
2023-06-30,Friday,Summer,92.0,0.0,1.0,23.5,0.0,0.0,0.0,1.0,2.9000000000000004,14.0,8.5
2023-06-29,Thursday,Summer,21.0,0.0,0.0,25.3,-0.1,0.0,-0.1,1.0,3.6,19.0,10.3
2023-06-28,Wednesday,Summer,17.0,0.0,0.0,24.400000000000002,0.30000000000000004,0.9,0.30000000000000004,4.0,2.0,10.0,9.400000000000002
2023-06-27,Tuesday,Summer,51.0,0.0,1.0,23.900000000000002,-0.1,0.0,-0.1,1.0,3.2,11.0,8.900000000000002
2023-06-26,Monday,Summer,54.0,0.0,0.0,24.200000000000003,0.0,0.0,0.0,1.0,4.3,7.0,9.200000000000003
2023-06-25,Sunday,Summer,69.0,0.0,1.0,31.900000000000002,0.0,0.0,0.0,1.0,2.2,10.0,16.900000000000002
2023-06-24,Saturday,Summer,66.0,0.0,0.0,28.400000000000002,0.0,0.0,0.0,1.0,1.9000000000000001,9.0,13.400000000000002
2023-06-23,Friday,Summer,79.0,0.0,0.0,26.900000000000002,0.0,0.0,0.0,1.0,2.3000000000000003,2.0,11.900000000000002
2023-06-22,Thursday,Summer,17.0,0.0,0.0,23.0,27.0,9.1,8.6,12.0,3.2,14.0,8.0
2023-06-21,Wednesday,Summer,25.0,0.0,0.0,27.900000000000002,0.0,0.0,0.0,1.0,2.7,10.0,12.900000000000002
2023-06-20,Tuesday,Spring,39.0,0.0,0.0,32.0,1.4000000000000001,2.1,0.8,20.0,3.0,15.0,17.0
2023-06-19,Monday,Spring,40.0,0.0,0.0,27.6,-0.1,0.0,-0.1,1.0,3.6,7.0,12.600000000000001
2023-06-18,Sunday,Spring,60.0,0.0,0.0,26.3,-0.1,0.0,-0.1,1.0,2.4000000000000004,24.0,11.3
2023-06-17,Saturday,Spring,113.0,0.0,1.0,29.0,0.0,0.0,0.0,1.0,1.5,19.0,14.0
2023-06-16,Friday,Spring,61.0,0.0,1.0,28.200000000000003,0.0,0.0,0.0,1.0,2.3000000000000003,19.0,13.200000000000003
2023-06-15,Thursday,Spring,48.0,0.0,1.0,27.700000000000003,0.0,0.0,0.0,1.0,2.9000000000000004,17.0,12.700000000000003
2023-06-14,Wednesday,Spring,38.0,0.0,0.0,26.400000000000002,0.0,0.0,0.0,1.0,4.3,10.0,11.400000000000002
2023-06-13,Tuesday,Spring,63.0,0.0,0.0,28.700000000000003,0.0,0.0,0.0,1.0,4.0,12.0,13.700000000000003
2023-06-12,Monday,Spring,43.0,0.0,0.0,31.1,0.0,0.0,0.0,1.0,3.4000000000000004,10.0,16.1
2023-06-11,Sunday,Spring,63.0,0.0,1.0,31.6,0.0,0.0,0.0,1.0,3.5,11.0,16.6
2023-06-10,Saturday,Spring,71.0,0.0,2.0,31.5,0.0,0.0,0.0,1.0,3.8000000000000003,11.0,16.5
2023-06-09,Friday,Spring,69.0,0.0,0.0,30.400000000000002,0.0,0.0,0.0,1.0,3.9000000000000004,12.0,15.400000000000002
2023-06-08,Thursday,Spring,35.0,0.0,1.0,27.1,0.0,0.0,0.0,1.0,4.7,13.0,12.100000000000001
2023-06-07,Wednesday,Spring,16.0,0.0,1.0,24.6,-0.1,0.0,-0.1,1.0,3.9000000000000004,16.0,9.600000000000001
2023-06-06,Tuesday,Spring,61.0,0.0,0.0,26.200000000000003,0.0,0.0,0.0,1.0,4.2,18.0,11.200000000000003
2023-06-05,Monday,Spring,51.0,0.0,0.0,24.700000000000003,0.0,0.0,0.0,1.0,4.3,17.0,9.700000000000003
2023-06-04,Sunday,Spring,68.0,0.0,2.0,24.400000000000002,0.0,0.0,0.0,1.0,4.4,11.0,9.400000000000002
2023-06-03,Saturday,Spring,71.0,0.0,1.0,23.1,0.0,0.0,0.0,1.0,4.5,10.0,8.100000000000001
2023-06-02,Friday,Spring,52.0,0.0,0.0,19.400000000000002,0.0,0.0,0.0,1.0,4.1000000000000005,1.0,4.400000000000002
2023-06-01,Thursday,Spring,18.0,0.0,1.0,21.1,0.0,0.0,0.0,1.0,4.800000000000001,15.0,6.100000000000001
2023-05-31,Wednesday,Spring,34.0,0.0,0.0,25.200000000000003,0.0,0.0,0.0,1.0,4.7,12.0,10.200000000000003
2023-05-30,Tuesday,Spring,26.0,0.0,0.0,21.5,0.0,0.0,0.0,1.0,4.6000000000000005,18.0,6.5
2023-05-29,Monday,Spring,47.0,0.0,0.0,19.3,0.0,0.0,0.0,1.0,5.7,7.0,4.300000000000001
2023-05-28,Sunday,Spring,69.0,0.0,1.0,24.3,0.0,0.0,0.0,1.0,4.4,21.0,9.3
2023-05-27,Saturday,Spring,62.0,0.0,2.0,22.8,0.0,0.0,0.0,1.0,3.3000000000000003,17.0,7.800000000000001
2023-05-26,Friday,Spring,84.0,0.0,2.0,19.6,0.0,0.0,0.0,1.0,5.6000000000000005,7.0,4.600000000000001
2023-05-25,Thursday,Spring,44.0,0.0,2.0,18.7,0.0,0.0,0.0,1.0,4.3,11.0,3.6999999999999993
2023-05-24,Wednesday,Spring,16.0,0.0,1.0,17.6,0.0,0.0,0.0,1.0,2.8000000000000003,17.0,2.6000000000000014
2023-05-23,Tuesday,Spring,28.0,0.0,0.0,17.400000000000002,0.0,0.0,0.0,1.0,4.9,12.0,2.400000000000002
2023-05-22,Monday,Spring,41.0,0.0,0.0,23.200000000000003,0.0,0.0,0.0,1.0,3.2,14.0,8.200000000000003
2023-05-21,Sunday,Spring,41.0,1.0,1.0,24.0,0.0,0.0,0.0,1.0,3.6,12.0,9.0
2023-05-20,Saturday,Spring,59.0,0.0,2.0,20.5,0.0,0.0,0.0,1.0,5.300000000000001,8.0,5.5
2023-05-19,Friday,Spring,84.0,0.0,2.0,19.900000000000002,0.0,0.0,0.0,1.0,4.0,15.0,4.900000000000002
2023-05-18,Thursday,Spring,32.0,0.0,0.0,16.0,0.0,0.0,0.0,1.0,3.7,11.0,1.0
2023-05-17,Wednesday,Spring,20.0,0.0,0.0,16.2,0.0,0.0,0.0,1.0,3.7,14.0,1.1999999999999993
2023-05-16,Tuesday,Spring,33.0,0.0,0.0,15.0,0.0,0.0,0.0,1.0,4.1000000000000005,8.0,0.0
2023-05-15,Monday,Spring,20.0,0.0,0.0,15.600000000000001,-0.1,0.0,-0.1,1.0,3.7,16.0,0.6000000000000014
2023-05-14,Sunday,Spring,57.0,1.0,2.0,22.0,0.0,0.0,0.0,1.0,2.8000000000000003,17.0,7.0
2023-05-13,Saturday,Spring,41.0,0.0,1.0,23.3,0.0,0.0,0.0,1.0,3.7,13.0,8.3
2023-05-12,Friday,Spring,54.0,0.0,1.0,20.900000000000002,4.2,4.800000000000001,1.5,4.0,4.3,17.0,5.900000000000002
2023-05-11,Thursday,Spring,22.0,0.0,1.0,17.8,1.9000000000000001,3.8000000000000003,1.0,2.0,2.3000000000000003,17.0,2.8000000000000007
2023-05-10,Wednesday,Spring,33.0,0.0,3.0,16.6,26.0,7.9,6.4,15.0,2.5,11.0,1.6000000000000014
2023-05-09,Tuesday,Spring,24.0,0.0,1.0,15.600000000000001,16.1,15.5,2.8000000000000003,12.0,3.0,8.0,0.6000000000000014
2023-05-08,Monday,Spring,26.0,0.0,0.0,21.200000000000003,0.0,0.0,0.0,1.0,1.7000000000000002,13.0,6.200000000000003
2023-05-07,Sunday,Spring,44.0,0.0,2.0,20.900000000000002,18.6,0.8,18.5,13.0,1.3,13.0,5.900000000000002
2023-05-06,Saturday,Spring,66.0,0.0,1.0,21.0,0.8,2.3000000000000003,0.6000000000000001,16.0,1.4000000000000001,11.0,6.0
2023-05-05,Friday,Spring,40.0,0.0,1.0,18.900000000000002,4.6000000000000005,3.1,2.2,14.0,2.2,12.0,3.900000000000002
2023-05-04,Thursday,Spring,29.0,0.0,0.0,24.0,0.0,0.0,0.0,1.0,3.4000000000000004,12.0,9.0
2023-05-03,Wednesday,Spring,29.0,0.0,0.0,16.2,0.0,0.0,0.0,1.0,3.8000000000000003,13.0,1.1999999999999993
2023-05-02,Tuesday,Spring,32.0,0.0,0.0,14.5,0.0,0.0,0.0,1.0,3.8000000000000003,5.0,0.5
2023-05-01,Monday,Spring,29.0,0.0,0.0,18.7,0.0,0.0,0.0,1.0,2.6,13.0,3.6999999999999993
2023-04-30,Sunday,Spring,44.0,0.0,0.0,18.5,0.0,0.0,0.0,1.0,2.8000000000000003,13.0,3.5
2023-04-29,Saturday,Spring,70.0,0.0,2.0,15.5,0.1,0.9,0.1,4.0,2.7,20.0,0.5
2023-04-28,Friday,Spring,50.0,0.0,2.0,15.600000000000001,1.9000000000000001,3.2,0.9,19.0,3.6,15.0,0.6000000000000014
2023-04-27,Thursday,Spring,42.0,0.0,0.0,14.4,0.1,0.8,0.1,24.0,3.0,8.0,0.5999999999999996
2023-04-26,Wednesday,Spring,44.0,0.0,0.0,10.700000000000001,0.0,0.0,0.0,1.0,1.9000000000000001,19.0,4.299999999999999
2023-04-25,Tuesday,Spring,47.0,0.0,0.0,11.9,-0.1,0.0,-0.1,1.0,3.3000000000000003,9.0,3.0999999999999996
2023-04-24,Monday,Spring,17.0,0.0,0.0,11.100000000000001,12.4,6.300000000000001,3.6,6.0,5.300000000000001,1.0,3.8999999999999986
2023-04-23,Sunday,Spring,50.0,1.0,2.0,17.6,5.4,3.6,2.2,15.0,5.0,21.0,2.6000000000000014
2023-04-22,Saturday,Spring,72.0,0.0,2.0,17.900000000000002,4.1000000000000005,3.2,2.1,17.0,2.3000000000000003,11.0,2.900000000000002
2023-04-21,Friday,Spring,55.0,0.0,0.0,17.0,4.9,2.7,2.6,21.0,3.3000000000000003,13.0,2.0
2023-04-20,Thursday,Spring,21.0,0.0,2.0,12.4,0.8,2.0,0.5,24.0,5.300000000000001,8.0,2.5999999999999996
2023-04-19,Wednesday,Spring,36.0,0.0,0.0,16.1,0.0,0.0,0.0,1.0,6.4,12.0,1.1000000000000014
2023-04-18,Tuesday,Spring,49.0,0.0,0.0,14.100000000000001,0.0,0.0,0.0,1.0,5.5,17.0,0.8999999999999986
2023-04-17,Monday,Spring,29.0,0.0,0.0,16.1,0.0,0.0,0.0,1.0,4.3,15.0,1.1000000000000014
2023-04-16,Sunday,Spring,48.0,0.0,0.0,11.100000000000001,0.0,0.0,0.0,1.0,3.8000000000000003,6.0,3.8999999999999986
2023-04-15,Saturday,Spring,83.0,0.0,0.0,14.600000000000001,0.1,0.7000000000000001,0.1,23.0,5.300000000000001,14.0,0.3999999999999986
2023-04-14,Friday,Spring,53.0,0.0,1.0,15.700000000000001,-0.1,0.0,-0.1,1.0,2.7,10.0,0.7000000000000011
2023-04-13,Thursday,Spring,16.0,0.0,1.0,14.5,2.5,1.5,1.4000000000000001,2.0,5.4,1.0,0.5
2023-04-12,Wednesday,Spring,29.0,0.0,1.0,11.700000000000001,13.0,11.700000000000001,2.3000000000000003,15.0,4.3,24.0,3.299999999999999
2023-04-11,Tuesday,Spring,20.0,0.0,0.0,14.8,0.4,2.0,0.30000000000000004,24.0,5.800000000000001,11.0,0.1999999999999993
2023-04-10,Monday,Spring,34.0,0.0,0.0,17.3,3.7,2.9000000000000004,3.0,18.0,5.1000000000000005,13.0,2.3000000000000007
2023-04-09,Sunday,Spring,53.0,0.0,1.0,16.6,0.0,0.0,0.0,1.0,2.3000000000000003,5.0,1.6000000000000014
2023-04-08,Saturday,Spring,67.0,1.0,1.0,14.5,1.6,1.9000000000000001,0.9,4.0,1.9000000000000001,14.0,0.5
2023-04-07,Friday,Spring,93.0,0.0,1.0,10.4,-0.1,0.0,-0.1,1.0,2.5,11.0,4.6
2023-04-06,Thursday,Spring,36.0,0.0,2.0,9.200000000000001,7.800000000000001,10.200000000000001,1.6,22.0,3.5,12.0,5.799999999999999
2023-04-05,Wednesday,Spring,48.0,0.0,1.0,12.200000000000001,0.0,0.0,0.0,1.0,1.0,10.0,2.799999999999999
2023-04-04,Tuesday,Spring,33.0,0.0,0.0,10.4,0.0,0.0,0.0,1.0,2.2,12.0,4.6
2023-04-03,Monday,Spring,26.0,0.0,0.0,9.9,0.0,0.0,0.0,1.0,4.4,12.0,5.1
2023-04-02,Sunday,Spring,35.0,0.0,1.0,8.8,0.30000000000000004,0.8,0.30000000000000004,1.0,5.1000000000000005,3.0,6.199999999999999
2023-04-01,Saturday,Spring,85.0,0.0,1.0,10.8,14.0,14.600000000000001,2.4000000000000004,18.0,5.7,1.0,4.199999999999999
2023-03-31,Friday,Spring,86.0,0.0,2.0,13.8,20.6,17.2,6.9,8.0,7.1000000000000005,13.0,1.1999999999999993
2023-03-30,Thursday,Spring,22.0,0.0,1.0,17.1,2.2,1.7000000000000002,0.6000000000000001,24.0,6.300000000000001,12.0,2.1000000000000014
2023-03-29,Wednesday,Spring,17.0,0.0,1.0,16.1,0.2,1.0,0.1,1.0,3.6,13.0,1.1000000000000014
2023-03-28,Tuesday,Spring,19.0,0.0,0.0,10.3,0.8,2.1,0.4,19.0,3.5,10.0,4.699999999999999
2023-03-27,Monday,Spring,37.0,0.0,0.0,8.5,2.8000000000000003,0.7000000000000001,2.0,10.0,3.3000000000000003,10.0,6.5
2023-03-26,Sunday,Spring,26.0,0.0,0.0,9.3,11.600000000000001,9.9,2.6,8.0,3.5,15.0,5.699999999999999
2023-03-25,Saturday,Spring,73.0,0.0,2.0,13.4,3.3000000000000003,3.2,1.1,21.0,7.9,6.0,1.5999999999999996
2023-03-24,Friday,Spring,77.0,0.0,1.0,14.4,4.3,3.5,1.6,13.0,7.4,9.0,0.5999999999999996
2023-03-23,Thursday,Spring,19.0,0.0,2.0,15.700000000000001,8.5,6.9,4.5,8.0,6.4,5.0,0.7000000000000011
2023-03-22,Wednesday,Spring,33.0,0.0,0.0,12.9,2.1,4.5,0.7000000000000001,21.0,6.0,10.0,2.0999999999999996
2023-03-21,Tuesday,Spring,33.0,0.0,0.0,15.3,1.3,2.3000000000000003,0.8,8.0,4.2,13.0,0.3000000000000007
2023-03-20,Monday,Spring,24.0,0.0,0.0,10.600000000000001,1.5,2.0,0.9,10.0,4.3,9.0,4.399999999999999
2023-03-19,Sunday,Winter,16.0,0.0,0.0,14.9,-0.1,0.0,-0.1,1.0,3.2,9.0,0.09999999999999964
2023-03-18,Saturday,Winter,75.0,0.0,2.0,16.6,2.3000000000000003,3.1,0.9,2.0,3.6,15.0,1.6000000000000014
2023-03-17,Friday,Winter,59.0,0.0,2.0,18.5,-0.1,0.0,-0.1,1.0,3.2,17.0,3.5
2023-03-16,Thursday,Winter,14.0,0.0,1.0,14.9,-0.1,0.0,-0.1,1.0,4.3,14.0,0.09999999999999964
2023-03-15,Wednesday,Winter,34.0,0.0,0.0,9.3,1.3,1.6,1.2000000000000002,3.0,2.5,2.0,5.699999999999999
2023-03-14,Tuesday,Winter,34.0,0.0,0.0,12.0,4.1000000000000005,4.1000000000000005,1.5,8.0,5.6000000000000005,1.0,3.0
2023-03-13,Monday,Winter,9.0,0.0,0.0,18.0,2.0,2.6,1.3,2.0,8.8,11.0,3.0
2023-03-12,Sunday,Winter,50.0,1.0,1.0,12.100000000000001,1.0,2.6,0.5,24.0,4.800000000000001,13.0,2.8999999999999986
2023-03-11,Saturday,Winter,62.0,0.0,1.0,7.300000000000001,0.0,0.0,0.0,1.0,1.8,2.0,7.699999999999999
2023-03-10,Friday,Winter,38.0,0.0,1.0,11.4,7.5,8.700000000000001,2.0,11.0,4.9,16.0,3.5999999999999996
2023-03-09,Thursday,Winter,47.0,0.0,1.0,10.100000000000001,18.8,11.5,8.4,24.0,2.1,1.0,4.899999999999999
2023-03-08,Wednesday,Winter,23.0,0.0,0.0,1.7000000000000002,11.5,12.5,2.1,10.0,3.3000000000000003,11.0,13.3
2023-03-07,Tuesday,Winter,17.0,0.0,0.0,4.3,16.7,17.400000000000002,2.1,6.0,2.9000000000000004,1.0,10.7
2023-03-06,Monday,Winter,22.0,0.0,0.0,6.4,4.3,5.4,1.5,24.0,4.0,18.0,8.6
2023-03-05,Sunday,Winter,25.0,0.0,1.0,6.5,0.5,0.5,0.30000000000000004,17.0,2.3000000000000003,8.0,8.5
2023-03-04,Saturday,Winter,103.0,0.0,0.0,8.200000000000001,-0.1,0.0,-0.1,1.0,2.8000000000000003,11.0,6.799999999999999
2023-03-03,Friday,Winter,66.0,0.0,1.0,7.800000000000001,0.0,0.0,0.0,1.0,3.5,2.0,7.199999999999999
2023-03-02,Thursday,Winter,57.0,1.0,1.0,9.700000000000001,0.0,0.0,0.0,1.0,4.6000000000000005,14.0,5.299999999999999
2023-03-01,Wednesday,Winter,25.0,0.0,0.0,7.0,0.0,0.0,0.0,1.0,4.0,11.0,8.0
2023-02-28,Tuesday,Winter,44.0,0.0,0.0,5.9,0.0,0.0,0.0,1.0,3.5,11.0,9.1
2023-02-27,Monday,Winter,15.0,0.0,0.0,6.5,0.0,0.0,0.0,1.0,3.8000000000000003,12.0,8.5
2023-01-05,Thursday,Winter,41.0,0.0,0.0,12.0,0.9,2.2,0.7000000000000001,20.0,5.1000000000000005,1.0,3.0
2023-01-04,Wednesday,Winter,33.0,0.0,0.0,12.700000000000001,5.5,7.1000000000000005,1.4000000000000001,13.0,8.8,9.0,2.299999999999999
2023-01-03,Tuesday,Winter,0.0,0.0,0.0,9.1,0.6000000000000001,0.9,0.4,24.0,4.6000000000000005,23.0,5.9
2023-01-02,Monday,Winter,0.0,0.0,0.0,12.9,3.9000000000000004,6.1000000000000005,2.0,7.0,4.6000000000000005,6.0,2.0999999999999996
2023-01-01,Sunday,Winter,0.0,0.0,0.0,16.900000000000002,4.4,8.4,1.1,8.0,5.7,1.0,1.9000000000000021
2022-12-31,Saturday,Winter,0.0,0.0,1.0,16.8,13.100000000000001,6.6000000000000005,5.4,2.0,9.3,9.0,1.8000000000000007
2022-12-30,Friday,Winter,0.0,0.0,1.0,13.8,2.0,4.7,0.6000000000000001,13.0,6.1000000000000005,15.0,1.1999999999999993
2022-12-29,Thursday,Winter,0.0,0.0,0.0,11.8,3.5,3.2,1.4000000000000001,14.0,8.6,10.0,3.1999999999999993
2022-12-28,Wednesday,Winter,0.0,0.0,0.0,11.4,3.9000000000000004,8.6,0.8,6.0,7.5,6.0,3.5999999999999996
2022-12-27,Tuesday,Winter,0.0,0.0,0.0,7.2,0.1,0.6000000000000001,0.1,24.0,5.300000000000001,1.0,7.8
2022-12-26,Monday,Winter,0.0,0.0,0.0,10.700000000000001,0.8,0.30000000000000004,0.8,11.0,5.1000000000000005,10.0,4.299999999999999
2022-12-25,Sunday,Winter,0.0,0.0,0.0,10.4,8.0,11.5,1.9000000000000001,16.0,2.4000000000000004,20.0,4.6
2022-12-24,Saturday,Winter,0.0,0.0,0.0,11.8,-0.1,0.0,-0.1,1.0,4.5,1.0,3.1999999999999993
2022-12-23,Friday,Winter,0.0,0.0,2.0,12.600000000000001,13.4,6.800000000000001,6.0,14.0,4.800000000000001,20.0,2.3999999999999986
2022-12-22,Thursday,Winter,0.0,0.0,1.0,10.700000000000001,7.300000000000001,8.1,1.6,17.0,3.5,20.0,4.299999999999999
2022-12-21,Wednesday,Winter,0.0,0.0,1.0,9.200000000000001,1.2000000000000002,3.5,0.8,18.0,3.0,11.0,5.799999999999999
2022-12-20,Tuesday,Autumn,0.0,0.0,0.0,12.100000000000001,14.200000000000001,14.5,2.1,21.0,4.800000000000001,2.0,2.8999999999999986
2022-12-19,Monday,Autumn,0.0,0.0,0.0,11.5,3.2,5.9,1.0,4.0,5.800000000000001,7.0,3.5
2022-12-18,Sunday,Autumn,30.0,0.0,0.0,1.1,3.6,4.800000000000001,1.0,22.0,3.0,23.0,13.9
2022-12-17,Saturday,Autumn,65.0,0.0,1.0,-1.3,0.0,0.0,0.0,1.0,2.2,7.0,16.3
2022-12-16,Friday,Autumn,55.0,0.0,2.0,1.0,-0.1,0.0,-0.1,1.0,1.3,5.0,14.0
2022-12-15,Thursday,Autumn,26.0,0.0,1.0,1.5,0.0,0.0,0.0,1.0,1.6,2.0,13.5
2022-12-14,Wednesday,Autumn,20.0,0.0,1.0,0.5,0.0,0.0,0.0,1.0,1.8,1.0,14.5
2022-12-13,Tuesday,Autumn,13.0,0.0,0.0,-0.8,0.0,0.0,0.0,1.0,2.1,21.0,15.8
2022-12-12,Monday,Autumn,32.0,0.0,0.0,2.7,0.0,0.0,0.0,1.0,1.1,2.0,12.3
2022-12-11,Sunday,Autumn,51.0,0.0,1.0,1.9000000000000001,0.0,0.0,0.0,1.0,2.2,10.0,13.1
2022-12-10,Saturday,Autumn,39.0,0.0,0.0,0.4,0.0,0.0,0.0,1.0,2.7,3.0,14.6
2022-12-09,Friday,Autumn,42.0,0.0,0.0,2.2,-0.1,0.0,-0.1,1.0,1.4000000000000001,1.0,12.8
2022-12-08,Thursday,Autumn,41.0,0.0,1.0,3.9000000000000004,2.2,7.5,0.5,13.0,3.2,4.0,11.1
2022-12-07,Wednesday,Autumn,27.0,0.0,1.0,7.0,0.1,0.4,0.1,22.0,2.6,23.0,8.0
2022-12-06,Tuesday,Autumn,26.0,0.0,0.0,7.4,0.1,0.30000000000000004,0.1,2.0,2.1,13.0,7.6
2022-12-05,Monday,Autumn,18.0,0.0,0.0,4.9,1.6,6.4,0.30000000000000004,10.0,2.0,1.0,10.1
2022-12-04,Sunday,Autumn,29.0,0.0,2.0,2.3000000000000003,-0.1,0.0,-0.1,1.0,4.1000000000000005,11.0,12.7
2022-12-03,Saturday,Autumn,27.0,0.0,1.0,2.2,0.0,0.0,0.0,1.0,4.4,1.0,12.8
2022-12-02,Friday,Autumn,68.0,0.0,1.0,5.300000000000001,-0.1,0.0,-0.1,1.0,5.300000000000001,13.0,9.7
2022-12-01,Thursday,Autumn,23.0,0.0,1.0,7.300000000000001,-0.1,0.0,-0.1,1.0,3.4000000000000004,4.0,7.699999999999999
2022-11-30,Wednesday,Autumn,28.0,0.0,1.0,9.0,-0.1,0.0,-0.1,1.0,1.9000000000000001,14.0,6.0
2022-11-29,Tuesday,Autumn,49.0,0.0,0.0,7.5,0.0,0.0,0.0,1.0,1.3,3.0,7.5
2022-11-28,Monday,Autumn,16.0,0.0,0.0,9.9,4.800000000000001,8.5,0.9,10.0,2.2,4.0,5.1
2022-11-27,Sunday,Autumn,50.0,0.0,2.0,7.9,4.1000000000000005,11.3,0.9,21.0,3.2,4.0,7.1
2022-11-26,Saturday,Autumn,79.0,0.0,0.0,11.0,0.0,0.0,0.0,1.0,3.2,15.0,4.0
2022-11-25,Friday,Autumn,35.0,0.0,0.0,12.100000000000001,0.8,1.2000000000000002,0.6000000000000001,3.0,3.7,1.0,2.8999999999999986
2022-11-24,Thursday,Autumn,51.0,0.0,1.0,12.3,-0.1,0.0,-0.1,1.0,4.800000000000001,7.0,2.6999999999999993
2022-11-23,Wednesday,Autumn,25.0,0.0,1.0,10.9,3.1,2.0,1.7000000000000002,15.0,5.1000000000000005,10.0,4.1
2022-11-22,Tuesday,Autumn,22.0,0.0,0.0,8.5,0.4,1.5,0.2,22.0,4.5,10.0,6.5
2022-11-21,Monday,Autumn,27.0,0.0,1.0,9.0,3.4000000000000004,5.4,1.0,22.0,3.3000000000000003,22.0,6.0
2022-11-20,Sunday,Autumn,34.0,0.0,2.0,8.3,6.2,4.5,2.4000000000000004,15.0,2.6,18.0,6.699999999999999
2022-11-19,Saturday,Autumn,121.0,0.0,1.0,6.800000000000001,0.8,2.5,0.30000000000000004,5.0,3.8000000000000003,3.0,8.2
2022-11-18,Friday,Autumn,96.0,0.0,1.0,11.0,0.9,2.1,0.6000000000000001,15.0,2.8000000000000003,10.0,4.0
2022-11-17,Thursday,Autumn,49.0,0.0,2.0,12.200000000000001,9.0,7.5,2.4000000000000004,5.0,5.5,14.0,2.799999999999999
2022-11-16,Wednesday,Autumn,53.0,0.0,1.0,13.0,8.0,4.5,2.3000000000000003,1.0,3.8000000000000003,24.0,2.0
2022-11-15,Tuesday,Autumn,59.0,0.0,1.0,13.3,3.9000000000000004,5.300000000000001,1.2000000000000002,24.0,3.8000000000000003,11.0,1.6999999999999993
2022-11-14,Monday,Autumn,40.0,0.0,0.0,10.0,-0.1,0.0,-0.1,1.0,2.5,11.0,5.0
2022-11-13,Sunday,Autumn,60.0,0.0,1.0,16.0,0.0,0.0,0.0,1.0,1.6,5.0,1.0
2022-11-12,Saturday,Autumn,86.0,1.0,2.0,16.5,0.0,0.0,0.0,1.0,1.4000000000000001,4.0,1.5
2022-11-11,Friday,Autumn,69.0,0.0,1.0,13.700000000000001,0.0,0.0,0.0,1.0,3.1,1.0,1.299999999999999
2022-11-10,Thursday,Autumn,21.0,0.0,0.0,15.200000000000001,0.0,0.0,0.0,1.0,4.7,12.0,0.20000000000000107
2022-11-09,Wednesday,Autumn,28.0,0.0,0.0,15.100000000000001,-0.1,0.0,-0.1,1.0,6.0,13.0,0.10000000000000142
2022-11-08,Tuesday,Autumn,28.0,0.0,0.0,16.2,0.0,0.0,0.0,1.0,4.9,14.0,1.1999999999999993
2022-11-07,Monday,Autumn,27.0,0.0,0.0,15.3,-0.1,0.0,-0.1,1.0,5.7,8.0,0.3000000000000007
2022-11-06,Sunday,Autumn,40.0,0.0,2.0,12.700000000000001,3.5,3.9000000000000004,1.2000000000000002,16.0,5.6000000000000005,21.0,2.299999999999999
2022-11-05,Saturday,Autumn,57.0,0.0,1.0,12.0,0.0,0.0,0.0,1.0,4.0,21.0,3.0
2022-11-04,Friday,Autumn,48.0,0.0,2.0,13.3,0.2,0.30000000000000004,0.2,23.0,2.3000000000000003,1.0,1.6999999999999993
2022-11-03,Thursday,Autumn,39.0,0.0,2.0,15.700000000000001,3.6,4.9,1.3,17.0,5.0,24.0,0.7000000000000011
2022-11-02,Wednesday,Autumn,15.0,0.0,1.0,15.600000000000001,-0.1,0.0,-0.1,1.0,6.4,2.0,0.6000000000000014
2022-11-01,Tuesday,Autumn,22.0,0.0,1.0,17.6,-0.1,0.0,-0.1,1.0,6.7,5.0,2.6000000000000014
2022-10-31,Monday,Autumn,23.0,0.0,0.0,18.400000000000002,-0.1,0.0,-0.1,1.0,2.3000000000000003,14.0,3.400000000000002
2022-10-30,Sunday,Autumn,55.0,1.0,1.0,20.8,0.0,0.0,0.0,1.0,1.5,15.0,5.800000000000001
2022-10-29,Saturday,Autumn,84.0,0.0,2.0,24.6,0.0,0.0,0.0,1.0,2.1,12.0,9.600000000000001
2022-10-28,Friday,Autumn,75.0,0.0,1.0,22.8,0.0,0.0,0.0,1.0,2.8000000000000003,11.0,7.800000000000001
2022-10-27,Thursday,Autumn,48.0,1.0,0.0,21.200000000000003,0.0,0.0,0.0,1.0,2.8000000000000003,9.0,6.200000000000003
2022-10-26,Wednesday,Autumn,35.0,0.0,0.0,20.900000000000002,0.0,0.0,0.0,1.0,3.3000000000000003,10.0,5.900000000000002
2022-10-25,Tuesday,Autumn,55.0,0.0,0.0,17.8,0.0,0.0,0.0,1.0,3.8000000000000003,1.0,2.8000000000000007
2022-10-24,Monday,Autumn,41.0,0.0,0.0,18.7,3.6,1.4000000000000001,2.3000000000000003,19.0,6.300000000000001,9.0,3.6999999999999993
2022-10-23,Sunday,Autumn,34.0,0.0,0.0,19.5,4.800000000000001,0.8,2.5,21.0,3.3000000000000003,20.0,4.5
2022-10-22,Saturday,Autumn,78.0,0.0,1.0,19.200000000000003,0.0,0.0,0.0,1.0,3.3000000000000003,10.0,4.200000000000003
2022-10-21,Friday,Autumn,62.0,0.0,0.0,20.5,2.7,0.8,1.8,9.0,2.9000000000000004,14.0,5.5
2022-10-20,Thursday,Autumn,29.0,0.0,1.0,18.5,3.1,2.0,1.7000000000000002,11.0,2.9000000000000004,12.0,3.5
2022-10-19,Wednesday,Autumn,26.0,0.0,0.0,15.700000000000001,0.0,0.0,0.0,1.0,3.5,10.0,0.7000000000000011
2022-10-18,Tuesday,Autumn,25.0,0.0,0.0,18.900000000000002,0.0,0.0,0.0,1.0,1.5,15.0,3.900000000000002
2022-10-17,Monday,Autumn,34.0,0.0,0.0,18.1,3.4000000000000004,3.0,2.3000000000000003,10.0,3.0,8.0,3.1000000000000014
2022-10-16,Sunday,Autumn,22.0,1.0,1.0,19.400000000000002,0.5,0.7000000000000001,0.5,19.0,3.1,9.0,4.400000000000002
2022-10-15,Saturday,Autumn,47.0,0.0,2.0,19.5,0.1,0.4,0.1,12.0,3.4000000000000004,13.0,4.5
2022-10-14,Friday,Autumn,38.0,0.0,2.0,16.3,0.6000000000000001,2.0,0.2,11.0,2.2,6.0,1.3000000000000007
2022-10-13,Thursday,Autumn,38.0,1.0,1.0,14.3,0.5,1.0,0.4,13.0,2.8000000000000003,14.0,0.6999999999999993
2022-10-12,Wednesday,Autumn,26.0,0.0,0.0,16.5,0.0,0.0,0.0,1.0,1.6,15.0,1.5
2022-10-11,Tuesday,Autumn,15.0,0.0,0.0,16.7,0.0,0.0,0.0,1.0,0.9,14.0,1.6999999999999993
2022-10-10,Monday,Autumn,20.0,0.0,0.0,19.200000000000003,-0.1,0.0,-0.1,1.0,2.7,16.0,4.200000000000003
2022-10-09,Sunday,Autumn,32.0,0.0,1.0,18.0,0.0,0.0,0.0,1.0,2.3000000000000003,14.0,3.0
2022-10-08,Saturday,Autumn,77.0,0.0,0.0,17.2,0.7000000000000001,0.8,0.7000000000000001,3.0,3.3000000000000003,1.0,2.1999999999999993
2022-10-07,Friday,Autumn,70.0,0.0,2.0,18.900000000000002,0.0,0.0,0.0,1.0,3.8000000000000003,11.0,3.900000000000002
2022-10-06,Thursday,Autumn,24.0,0.0,2.0,17.900000000000002,0.0,0.0,0.0,1.0,3.8000000000000003,11.0,2.900000000000002
2022-10-05,Wednesday,Autumn,22.0,0.0,2.0,21.6,1.6,0.8,0.8,20.0,5.9,13.0,6.600000000000001
2022-10-04,Tuesday,Autumn,41.0,0.0,0.0,19.5,0.0,0.0,0.0,1.0,3.0,13.0,4.5
2022-10-03,Monday,Autumn,23.0,0.0,0.0,18.1,0.0,0.0,0.0,1.0,1.4000000000000001,1.0,3.1000000000000014
2022-10-02,Sunday,Autumn,39.0,0.0,2.0,18.400000000000002,4.5,1.9000000000000001,1.6,8.0,3.3000000000000003,3.0,3.400000000000002
2022-10-01,Saturday,Autumn,61.0,0.0,2.0,18.7,7.0,4.2,3.0,2.0,5.7,2.0,3.6999999999999993
2022-09-30,Friday,Autumn,92.0,0.0,1.0,17.8,1.8,2.0,0.9,23.0,3.7,24.0,2.8000000000000007
2022-09-29,Thursday,Autumn,85.0,0.0,2.0,16.3,0.0,0.0,0.0,1.0,1.0,11.0,1.3000000000000007
2022-09-28,Wednesday,Autumn,51.0,0.0,1.0,14.9,0.6000000000000001,1.5,0.30000000000000004,2.0,3.0,9.0,0.09999999999999964
2022-09-27,Tuesday,Autumn,28.0,0.0,0.0,11.700000000000001,11.3,10.600000000000001,3.3000000000000003,18.0,3.7,4.0,3.299999999999999
2022-09-26,Monday,Autumn,49.0,0.0,0.0,12.3,9.1,10.600000000000001,1.2000000000000002,17.0,5.1000000000000005,11.0,2.6999999999999993
2022-09-25,Sunday,Autumn,35.0,0.0,2.0,18.3,0.0,0.0,0.0,1.0,1.9000000000000001,1.0,3.3000000000000007
2022-09-24,Saturday,Autumn,72.0,0.0,1.0,15.200000000000001,4.3,7.7,1.1,8.0,2.6,4.0,0.20000000000000107
2022-09-23,Friday,Summer,46.0,0.0,1.0,18.2,1.2000000000000002,3.0,0.9,22.0,1.8,14.0,3.1999999999999993
2022-09-22,Thursday,Summer,24.0,0.0,2.0,19.8,0.0,0.0,0.0,1.0,1.0,11.0,4.800000000000001
2022-09-21,Wednesday,Summer,34.0,0.0,0.0,18.400000000000002,0.0,0.0,0.0,1.0,0.8,9.0,3.400000000000002
2022-09-20,Tuesday,Summer,25.0,0.0,0.0,16.8,-0.1,0.0,-0.1,1.0,1.9000000000000001,13.0,1.8000000000000007
2022-09-19,Monday,Summer,12.0,0.0,0.0,18.400000000000002,0.30000000000000004,0.4,0.2,18.0,2.8000000000000003,15.0,3.400000000000002
2022-09-18,Sunday,Summer,24.0,1.0,0.0,13.9,20.5,9.9,3.9000000000000004,13.0,3.5,12.0,1.0999999999999996
2022-09-17,Saturday,Summer,52.0,0.0,0.0,17.2,5.0,2.6,1.7000000000000002,11.0,4.0,15.0,2.1999999999999993
2022-09-16,Friday,Summer,34.0,0.0,2.0,16.2,7.5,2.4000000000000004,2.9000000000000004,14.0,3.5,10.0,1.1999999999999993
2022-09-15,Thursday,Summer,26.0,0.0,1.0,18.900000000000002,1.3,0.7000000000000001,1.2000000000000002,11.0,2.2,14.0,3.900000000000002
2022-09-14,Wednesday,Summer,26.0,0.0,0.0,15.3,21.1,12.600000000000001,3.8000000000000003,7.0,2.0,1.0,0.3000000000000007
2022-09-13,Tuesday,Summer,40.0,0.0,0.0,25.5,3.6,3.9000000000000004,2.8000000000000003,24.0,2.1,16.0,10.5
2022-09-12,Monday,Summer,29.0,0.0,0.0,25.200000000000003,0.0,0.0,0.0,1.0,1.7000000000000002,12.0,10.200000000000003
2022-09-11,Sunday,Summer,24.0,1.0,1.0,22.700000000000003,0.0,0.0,0.0,1.0,1.1,13.0,7.700000000000003
2022-09-10,Saturday,Summer,37.0,0.0,0.0,20.5,8.0,4.6000000000000005,2.4000000000000004,7.0,3.5,7.0,5.5
2022-09-09,Friday,Summer,44.0,0.0,0.0,20.700000000000003,4.0,2.5,2.9000000000000004,17.0,4.4,9.0,5.700000000000003
2022-09-08,Thursday,Summer,16.0,1.0,0.0,22.1,8.200000000000001,5.6000000000000005,3.7,21.0,3.3000000000000003,10.0,7.100000000000001
2022-09-07,Wednesday,Summer,22.0,0.0,1.0,25.900000000000002,-0.1,0.0,-0.1,1.0,2.7,12.0,10.900000000000002
2022-09-06,Tuesday,Summer,18.0,0.0,0.0,28.8,4.6000000000000005,2.9000000000000004,3.4000000000000004,23.0,2.8000000000000003,2.0,13.8
2022-09-05,Monday,Summer,14.0,0.0,0.0,32.0,0.7000000000000001,1.5,0.4,24.0,2.8000000000000003,19.0,17.0
2022-09-04,Sunday,Summer,33.0,0.0,0.0,28.5,0.0,0.0,0.0,1.0,1.8,14.0,13.5
2022-09-03,Saturday,Summer,29.0,0.0,0.0,28.400000000000002,0.0,0.0,0.0,1.0,2.3000000000000003,1.0,13.400000000000002
2022-09-02,Friday,Summer,94.0,0.0,2.0,27.700000000000003,0.0,0.0,0.0,1.0,3.4000000000000004,12.0,12.700000000000003
2022-09-01,Thursday,Summer,32.0,0.0,1.0,26.1,0.0,0.0,0.0,1.0,3.6,10.0,11.100000000000001
2022-08-31,Wednesday,Summer,25.0,1.0,0.0,25.3,0.0,0.0,0.0,1.0,5.0,8.0,10.3
2022-08-30,Tuesday,Summer,24.0,0.0,0.0,26.1,0.0,0.0,0.0,1.0,4.5,13.0,11.100000000000001
2022-08-29,Monday,Summer,35.0,0.0,0.0,23.5,0.0,0.0,0.0,1.0,2.4000000000000004,9.0,8.5
2022-08-28,Sunday,Summer,24.0,0.0,0.0,24.200000000000003,0.0,0.0,0.0,1.0,3.8000000000000003,9.0,9.200000000000003
2022-08-27,Saturday,Summer,37.0,0.0,0.0,22.400000000000002,0.0,0.0,0.0,1.0,2.8000000000000003,23.0,7.400000000000002
2022-08-26,Friday,Summer,41.0,0.0,0.0,22.5,3.0,0.9,1.6,14.0,3.5,9.0,7.5
2022-08-25,Thursday,Summer,18.0,0.0,0.0,33.5,0.0,0.0,0.0,1.0,2.7,24.0,18.5
2022-08-24,Wednesday,Summer,55.0,1.0,0.0,32.300000000000004,0.0,0.0,0.0,1.0,1.9000000000000001,18.0,17.300000000000004
2022-08-23,Tuesday,Summer,6.0,0.0,0.0,29.8,0.0,0.0,0.0,1.0,1.8,16.0,14.8
2022-08-22,Monday,Summer,14.0,0.0,0.0,26.8,0.0,0.0,0.0,1.0,1.8,11.0,11.8
2022-08-21,Sunday,Summer,13.0,0.0,0.0,25.400000000000002,0.0,0.0,0.0,1.0,2.3000000000000003,8.0,10.400000000000002
2022-08-20,Saturday,Summer,30.0,0.0,0.0,24.900000000000002,-0.1,0.0,-0.1,1.0,2.6,14.0,9.900000000000002
2022-08-19,Friday,Summer,57.0,0.0,0.0,25.6,5.300000000000001,0.8,3.6,17.0,2.5,8.0,10.600000000000001
2022-08-18,Thursday,Summer,20.0,0.0,0.0,26.5,0.0,0.0,0.0,1.0,1.3,1.0,11.5
2022-08-17,Wednesday,Summer,43.0,0.0,0.0,22.200000000000003,6.300000000000001,4.7,2.6,13.0,2.0,5.0,7.200000000000003
2022-08-16,Tuesday,Summer,44.0,0.0,0.0,30.1,0.0,0.0,0.0,1.0,2.7,10.0,15.100000000000001
2022-08-15,Monday,Summer,33.0,0.0,0.0,26.700000000000003,-0.1,0.0,-0.1,1.0,2.9000000000000004,8.0,11.700000000000003
2022-08-14,Sunday,Summer,17.0,0.0,0.0,33.1,0.0,0.0,0.0,1.0,2.1,11.0,18.1
2022-08-13,Saturday,Summer,38.0,0.0,0.0,32.2,0.0,0.0,0.0,1.0,2.1,14.0,17.200000000000003
2022-08-12,Friday,Summer,39.0,0.0,0.0,32.800000000000004,0.0,0.0,0.0,1.0,3.2,11.0,17.800000000000004
2022-08-11,Thursday,Summer,31.0,0.0,0.0,31.900000000000002,0.0,0.0,0.0,1.0,3.2,11.0,16.900000000000002
2022-08-10,Wednesday,Summer,54.0,0.0,0.0,31.1,0.0,0.0,0.0,1.0,3.6,17.0,16.1
2022-08-09,Tuesday,Summer,35.0,1.0,0.0,27.8,0.0,0.0,0.0,1.0,4.3,16.0,12.8
2022-08-08,Monday,Summer,28.0,0.0,0.0,25.700000000000003,0.0,0.0,0.0,1.0,3.1,14.0,10.700000000000003
2022-08-07,Sunday,Summer,49.0,0.0,0.0,25.5,0.0,0.0,0.0,1.0,2.2,17.0,10.5
2022-08-06,Saturday,Summer,46.0,1.0,0.0,23.900000000000002,0.0,0.0,0.0,1.0,2.2,12.0,8.900000000000002
2022-08-05,Friday,Summer,27.0,0.0,0.0,23.8,-0.1,0.0,-0.1,1.0,3.6,13.0,8.8
2022-08-04,Thursday,Summer,18.0,0.0,0.0,28.5,2.0,1.8,1.2000000000000002,21.0,2.8000000000000003,18.0,13.5
2022-08-03,Wednesday,Summer,71.0,0.0,0.0,32.6,0.0,0.0,0.0,1.0,2.7,8.0,17.6
2022-08-02,Tuesday,Summer,21.0,0.0,0.0,29.3,0.0,0.0,0.0,1.0,3.4000000000000004,11.0,14.3
2022-08-01,Monday,Summer,25.0,0.0,0.0,24.400000000000002,-0.1,0.0,-0.1,1.0,2.6,12.0,9.400000000000002
2022-07-31,Sunday,Summer,23.0,0.0,0.0,26.700000000000003,0.30000000000000004,0.4,0.2,21.0,3.9000000000000004,14.0,11.700000000000003
2022-07-30,Saturday,Summer,29.0,0.0,0.0,26.5,-0.1,0.0,-0.1,1.0,2.0,13.0,11.5
2022-07-29,Friday,Summer,35.0,0.0,0.0,26.900000000000002,-0.1,0.0,-0.1,1.0,2.7,16.0,11.900000000000002
2022-07-28,Thursday,Summer,20.0,0.0,0.0,24.200000000000003,0.0,0.0,0.0,1.0,4.0,10.0,9.200000000000003
2022-07-27,Wednesday,Summer,15.0,0.0,0.0,22.5,0.0,0.0,0.0,1.0,2.6,17.0,7.5
2022-07-26,Tuesday,Summer,60.0,0.0,0.0,21.400000000000002,1.2000000000000002,0.30000000000000004,1.2000000000000002,11.0,3.0,8.0,6.400000000000002
2022-07-25,Monday,Summer,21.0,0.0,0.0,26.900000000000002,-0.1,0.0,-0.1,1.0,4.7,13.0,11.900000000000002
2022-07-24,Sunday,Summer,15.0,0.0,0.0,30.700000000000003,0.0,0.0,0.0,1.0,2.6,10.0,15.700000000000003
2022-07-23,Saturday,Summer,45.0,0.0,0.0,26.1,0.0,0.0,0.0,1.0,1.4000000000000001,8.0,11.100000000000001
2022-07-22,Friday,Summer,67.0,0.0,0.0,22.900000000000002,-0.1,0.0,-0.1,1.0,2.0,15.0,7.900000000000002
2022-07-21,Thursday,Summer,15.0,0.0,0.0,19.200000000000003,6.5,5.4,2.7,9.0,3.8000000000000003,7.0,4.200000000000003
2022-07-20,Wednesday,Summer,20.0,0.0,0.0,29.1,-0.1,0.0,-0.1,1.0,3.7,13.0,14.100000000000001
2022-07-19,Tuesday,Summer,22.0,0.0,0.0,38.300000000000004,0.0,0.0,0.0,1.0,2.8000000000000003,17.0,23.300000000000004
2022-07-18,Monday,Summer,24.0,0.0,0.0,33.5,0.0,0.0,0.0,1.0,1.4000000000000001,11.0,18.5
2022-07-17,Sunday,Summer,17.0,0.0,0.0,26.6,0.0,0.0,0.0,1.0,1.9000000000000001,13.0,11.600000000000001
2022-07-16,Saturday,Summer,37.0,0.0,0.0,23.3,0.0,0.0,0.0,1.0,3.5,7.0,8.3
2022-07-15,Friday,Summer,46.0,0.0,0.0,24.0,0.0,0.0,0.0,1.0,2.3000000000000003,15.0,9.0
2022-07-14,Thursday,Summer,26.0,0.0,0.0,24.8,0.0,0.0,0.0,1.0,3.1,17.0,9.8
2022-07-13,Wednesday,Summer,26.0,0.0,0.0,27.8,-0.1,0.0,-0.1,1.0,3.4000000000000004,13.0,12.8
2022-07-12,Tuesday,Summer,28.0,0.0,0.0,28.0,-0.1,0.0,-0.1,1.0,1.5,9.0,13.0
2022-07-11,Monday,Summer,36.0,0.0,0.0,23.3,0.0,0.0,0.0,1.0,1.5,7.0,8.3
2022-07-10,Sunday,Summer,26.0,0.0,0.0,22.6,0.0,0.0,0.0,1.0,2.9000000000000004,16.0,7.600000000000001
2022-07-09,Saturday,Summer,60.0,0.0,0.0,23.5,0.0,0.0,0.0,1.0,3.3000000000000003,14.0,8.5
2022-07-08,Friday,Summer,52.0,0.0,0.0,25.0,0.0,0.0,0.0,1.0,2.2,16.0,10.0
2022-07-07,Thursday,Summer,35.0,0.0,0.0,20.400000000000002,2.5,2.1,1.1,4.0,4.800000000000001,14.0,5.400000000000002
2022-07-06,Wednesday,Summer,17.0,0.0,0.0,22.200000000000003,0.0,0.0,0.0,1.0,2.6,15.0,7.200000000000003
2022-07-05,Tuesday,Summer,14.0,0.0,0.0,22.8,0.0,0.0,0.0,1.0,2.9000000000000004,15.0,7.800000000000001
2022-07-04,Monday,Summer,25.0,0.0,0.0,24.1,0.0,0.0,0.0,1.0,2.8000000000000003,8.0,9.100000000000001
2022-07-03,Sunday,Summer,23.0,0.0,0.0,23.3,0.0,0.0,0.0,1.0,3.1,13.0,8.3
2022-07-02,Saturday,Summer,35.0,0.0,0.0,25.200000000000003,0.0,0.0,0.0,1.0,2.2,10.0,10.200000000000003
2022-07-01,Friday,Summer,43.0,0.0,0.0,22.0,0.0,0.0,0.0,1.0,3.6,8.0,7.0
2022-06-30,Thursday,Summer,29.0,0.0,0.0,25.200000000000003,13.600000000000001,2.3000000000000003,7.9,17.0,3.1,16.0,10.200000000000003
2022-06-29,Wednesday,Summer,14.0,0.0,0.0,28.3,0.0,0.0,0.0,1.0,1.8,8.0,13.3
2022-06-28,Tuesday,Summer,9.0,0.0,0.0,25.3,0.0,0.0,0.0,1.0,2.3000000000000003,10.0,10.3
2022-06-27,Monday,Summer,20.0,0.0,0.0,20.900000000000002,8.4,1.8,5.1000000000000005,13.0,1.9000000000000001,13.0,5.900000000000002
2022-06-26,Sunday,Summer,42.0,0.0,0.0,21.1,0.0,0.0,0.0,1.0,2.5,8.0,6.100000000000001
2022-06-25,Saturday,Summer,37.0,0.0,0.0,24.8,6.6000000000000005,2.4000000000000004,4.6000000000000005,18.0,3.1,11.0,9.8
2022-06-24,Friday,Summer,27.0,0.0,0.0,24.8,22.400000000000002,4.0,13.100000000000001,1.0,3.0,1.0,9.8
2022-06-23,Thursday,Summer,28.0,0.0,0.0,31.8,6.5,0.7000000000000001,6.300000000000001,24.0,2.6,10.0,16.8
2022-06-22,Wednesday,Summer,21.0,0.0,0.0,27.0,0.0,0.0,0.0,1.0,3.1,9.0,12.0
2022-06-21,Tuesday,Summer,14.0,0.0,0.0,20.700000000000003,0.0,0.0,0.0,1.0,2.4000000000000004,2.0,5.700000000000003
2022-06-20,Monday,Spring,27.0,0.0,0.0,21.1,-0.1,0.0,-0.1,1.0,3.1,14.0,6.100000000000001
2022-06-19,Sunday,Spring,41.0,0.0,0.0,19.1,1.3,1.8,0.6000000000000001,9.0,4.7,2.0,4.100000000000001
2022-06-18,Saturday,Spring,81.0,0.0,0.0,32.1,0.0,0.0,0.0,1.0,3.7,24.0,17.1
2022-06-17,Friday,Spring,34.0,0.0,0.0,30.400000000000002,-0.1,0.0,-0.1,1.0,3.0,14.0,15.400000000000002
2022-06-16,Thursday,Spring,38.0,0.0,0.0,25.200000000000003,0.0,0.0,0.0,1.0,2.5,1.0,10.200000000000003
2022-06-15,Wednesday,Spring,33.0,0.0,0.0,25.8,0.0,0.0,0.0,1.0,3.0,9.0,10.8
2022-06-14,Tuesday,Spring,7.0,0.0,0.0,22.0,0.0,0.0,0.0,1.0,2.2,18.0,7.0
2022-06-13,Monday,Spring,27.0,0.0,0.0,19.8,0.0,0.0,0.0,1.0,3.3000000000000003,13.0,4.800000000000001
2022-06-12,Sunday,Spring,46.0,0.0,0.0,22.400000000000002,0.0,0.0,0.0,1.0,2.8000000000000003,13.0,7.400000000000002
2022-06-11,Saturday,Spring,89.0,0.0,0.0,24.0,0.0,0.0,0.0,1.0,2.8000000000000003,13.0,9.0
2022-06-10,Friday,Spring,62.0,0.0,0.0,24.1,-0.1,0.0,-0.1,1.0,3.3000000000000003,10.0,9.100000000000001
2022-06-09,Thursday,Spring,81.0,0.0,0.0,21.200000000000003,0.1,0.30000000000000004,0.1,1.0,3.0,12.0,6.200000000000003
2022-06-08,Wednesday,Spring,8.0,0.0,0.0,18.1,12.3,8.4,3.2,20.0,3.3000000000000003,9.0,3.1000000000000014
2022-06-07,Tuesday,Spring,17.0,0.0,0.0,21.0,0.9,0.6000000000000001,0.9,20.0,3.7,11.0,6.0
2022-06-06,Monday,Spring,33.0,0.0,0.0,19.900000000000002,-0.1,0.0,-0.1,1.0,5.5,12.0,4.900000000000002
2022-06-05,Sunday,Spring,30.0,0.0,0.0,21.1,48.300000000000004,9.1,24.900000000000002,15.0,3.8000000000000003,19.0,6.100000000000001
2022-06-04,Saturday,Spring,42.0,0.0,0.0,25.400000000000002,-0.1,0.0,-0.1,1.0,5.300000000000001,1.0,10.400000000000002
2022-06-03,Friday,Spring,79.0,0.0,0.0,24.6,0.0,0.0,0.0,1.0,4.0,22.0,9.600000000000001
2022-06-02,Thursday,Spring,5.0,0.0,0.0,20.8,0.0,0.0,0.0,1.0,2.2,17.0,5.800000000000001
2022-06-01,Wednesday,Spring,30.0,0.0,0.0,17.7,-0.1,0.0,-0.1,1.0,3.1,10.0,2.6999999999999993
2022-05-31,Tuesday,Spring,13.0,0.0,0.0,19.200000000000003,2.0,0.8,1.9000000000000001,18.0,1.8,14.0,4.200000000000003
2022-05-30,Monday,Spring,29.0,0.0,0.0,16.7,0.0,0.0,0.0,1.0,1.3,12.0,1.6999999999999993
2022-05-29,Sunday,Spring,22.0,0.0,0.0,14.600000000000001,3.6,3.0,1.9000000000000001,12.0,2.7,17.0,0.3999999999999986
2022-05-28,Saturday,Spring,70.0,0.0,0.0,17.3,-0.1,0.0,-0.1,1.0,4.5,8.0,2.3000000000000007
2022-05-27,Friday,Spring,83.0,0.0,0.0,18.7,1.3,2.5,0.5,3.0,4.6000000000000005,11.0,3.6999999999999993
2022-05-26,Thursday,Spring,67.0,0.0,0.0,20.900000000000002,0.0,0.0,0.0,1.0,5.9,14.0,5.900000000000002
2022-05-25,Wednesday,Spring,63.0,0.0,0.0,19.6,-0.1,0.0,-0.1,1.0,5.5,13.0,4.600000000000001
2022-05-24,Tuesday,Spring,29.0,0.0,0.0,18.0,4.3,1.4000000000000001,3.1,13.0,4.7,8.0,3.0
2022-05-23,Monday,Spring,9.0,0.0,0.0,24.8,13.200000000000001,3.3000000000000003,8.3,17.0,3.0,18.0,9.8
2022-05-22,Sunday,Spring,32.0,0.0,0.0,23.700000000000003,0.0,0.0,0.0,1.0,1.7000000000000002,14.0,8.700000000000003
2022-05-21,Saturday,Spring,75.0,0.0,0.0,19.6,0.0,0.0,0.0,1.0,3.8000000000000003,3.0,4.600000000000001
2022-05-20,Friday,Spring,48.0,0.0,0.0,21.400000000000002,1.5,0.7000000000000001,1.5,13.0,3.5,15.0,6.400000000000002
2022-05-19,Thursday,Spring,30.0,0.0,0.0,28.400000000000002,6.2,1.1,4.2,12.0,2.8000000000000003,12.0,13.400000000000002
2022-05-18,Wednesday,Spring,15.0,0.0,0.0,28.1,0.0,0.0,0.0,1.0,2.5,5.0,13.100000000000001
2022-05-17,Tuesday,Spring,24.0,0.0,0.0,28.1,-0.1,0.0,-0.1,1.0,2.0,11.0,13.100000000000001
2022-05-16,Monday,Spring,38.0,0.0,0.0,27.400000000000002,2.3000000000000003,0.2,2.3000000000000003,11.0,3.4000000000000004,9.0,12.400000000000002
2022-05-15,Sunday,Spring,29.0,0.0,0.0,27.0,0.0,0.0,0.0,1.0,3.3000000000000003,9.0,12.0
2022-05-14,Saturday,Spring,46.0,0.0,0.0,24.200000000000003,0.0,0.0,0.0,1.0,2.6,6.0,9.200000000000003
2022-05-13,Friday,Spring,44.0,0.0,0.0,20.400000000000002,0.0,0.0,0.0,1.0,4.5,14.0,5.400000000000002
2022-05-12,Thursday,Spring,23.0,0.0,0.0,20.400000000000002,0.0,0.0,0.0,1.0,3.2,11.0,5.400000000000002
2022-05-11,Wednesday,Spring,6.0,1.0,0.0,24.6,0.2,0.30000000000000004,0.2,21.0,5.2,14.0,9.600000000000001
2022-05-10,Tuesday,Spring,21.0,0.0,0.0,26.6,0.0,0.0,0.0,1.0,4.3,12.0,11.600000000000001
2022-05-09,Monday,Spring,2.0,0.0,0.0,25.3,0.0,0.0,0.0,1.0,1.9000000000000001,16.0,10.3
2022-05-08,Sunday,Spring,47.0,0.0,0.0,19.700000000000003,0.0,0.0,0.0,1.0,4.0,5.0,4.700000000000003
2022-05-07,Saturday,Spring,59.0,0.0,0.0,22.6,-0.1,0.0,-0.1,1.0,2.7,14.0,7.600000000000001
2022-05-06,Friday,Spring,59.0,0.0,0.0,22.0,0.0,0.0,0.0,1.0,1.5,18.0,7.0
2022-05-05,Thursday,Spring,35.0,0.0,0.0,19.5,0.0,0.0,0.0,1.0,1.6,15.0,4.5
2022-05-04,Wednesday,Spring,37.0,0.0,0.0,18.3,0.0,0.0,0.0,1.0,2.1,16.0,3.3000000000000007
2022-05-03,Tuesday,Spring,17.0,0.0,0.0,18.2,0.0,0.0,0.0,1.0,3.1,16.0,3.1999999999999993
2022-05-02,Monday,Spring,14.0,0.0,0.0,19.0,0.0,0.0,0.0,1.0,2.7,19.0,4.0
2022-05-01,Sunday,Spring,33.0,1.0,0.0,16.0,0.0,0.0,0.0,1.0,1.6,17.0,1.0
2022-04-30,Saturday,Spring,89.0,0.0,0.0,13.9,0.0,0.0,0.0,1.0,2.8000000000000003,13.0,1.0999999999999996
2022-04-29,Friday,Spring,59.0,0.0,0.0,15.100000000000001,0.0,0.0,0.0,1.0,4.0,13.0,0.10000000000000142
2022-04-28,Thursday,Spring,36.0,0.0,0.0,17.8,0.0,0.0,0.0,1.0,3.1,8.0,2.8000000000000007
2022-04-27,Wednesday,Spring,29.0,0.0,0.0,16.3,0.0,0.0,0.0,1.0,2.4000000000000004,18.0,1.3000000000000007
2022-04-26,Tuesday,Spring,33.0,0.0,0.0,15.200000000000001,0.2,0.2,0.2,1.0,4.3,8.0,0.20000000000000107
2022-04-25,Monday,Spring,33.0,0.0,0.0,11.0,1.0,3.3000000000000003,0.30000000000000004,11.0,3.1,15.0,4.0
2022-04-24,Sunday,Spring,23.0,0.0,0.0,19.1,-0.1,0.0,-0.1,1.0,6.2,11.0,4.100000000000001
2022-04-23,Saturday,Spring,35.0,0.0,0.0,20.1,0.0,0.0,0.0,1.0,5.5,10.0,5.100000000000001
2022-04-22,Friday,Spring,53.0,0.0,0.0,16.6,0.0,0.0,0.0,1.0,5.7,12.0,1.6000000000000014
2022-04-21,Thursday,Spring,17.0,0.0,0.0,18.5,0.0,0.0,0.0,1.0,4.800000000000001,14.0,3.5
2022-04-20,Wednesday,Spring,7.0,0.0,0.0,18.1,0.0,0.0,0.0,1.0,4.2,16.0,3.1000000000000014
2022-04-19,Tuesday,Spring,15.0,0.0,0.0,19.3,0.0,0.0,0.0,1.0,3.5,16.0,4.300000000000001
2022-04-18,Monday,Spring,28.0,0.0,0.0,20.1,0.0,0.0,0.0,1.0,2.1,6.0,5.100000000000001
2022-04-17,Sunday,Spring,13.0,1.0,0.0,19.1,0.0,0.0,0.0,1.0,2.9000000000000004,13.0,4.100000000000001
2022-04-16,Saturday,Spring,42.0,0.0,0.0,16.900000000000002,0.0,0.0,0.0,1.0,4.0,8.0,1.9000000000000021
2022-04-15,Friday,Spring,62.0,0.0,0.0,15.200000000000001,0.0,0.0,0.0,1.0,3.0,15.0,0.20000000000000107
2022-04-14,Thursday,Spring,18.0,1.0,0.0,19.700000000000003,0.0,0.0,0.0,1.0,2.3000000000000003,16.0,4.700000000000003
2022-04-13,Wednesday,Spring,30.0,0.0,0.0,16.2,0.1,1.0,0.1,14.0,1.5,12.0,1.1999999999999993
2022-04-12,Tuesday,Spring,29.0,0.0,0.0,22.5,0.0,0.0,0.0,1.0,3.2,12.0,7.5
2022-04-11,Monday,Spring,28.0,0.0,0.0,16.1,0.0,0.0,0.0,1.0,3.4000000000000004,13.0,1.1000000000000014
2022-04-10,Sunday,Spring,54.0,1.0,0.0,13.200000000000001,0.0,0.0,0.0,1.0,1.9000000000000001,9.0,1.799999999999999
2022-04-09,Saturday,Spring,92.0,0.0,0.0,11.100000000000001,-0.1,0.0,-0.1,1.0,4.800000000000001,11.0,3.8999999999999986
2022-04-08,Friday,Spring,53.0,0.0,0.0,9.4,-0.1,0.0,-0.1,1.0,3.7,1.0,5.6
2022-04-07,Thursday,Spring,46.0,0.0,0.0,12.600000000000001,8.6,4.9,4.5,8.0,9.700000000000001,13.0,2.3999999999999986
2022-04-06,Wednesday,Spring,12.0,0.0,0.0,11.3,3.3000000000000003,3.4000000000000004,1.4000000000000001,17.0,7.9,14.0,3.6999999999999993
2022-04-05,Tuesday,Spring,8.0,0.0,0.0,12.9,5.9,8.8,1.0,3.0,5.5,14.0,2.0999999999999996
2022-04-04,Monday,Spring,22.0,0.0,0.0,10.700000000000001,9.0,13.8,2.5,22.0,8.200000000000001,10.0,4.299999999999999
2022-04-03,Sunday,Spring,30.0,0.0,0.0,8.3,-0.1,0.0,-0.1,1.0,2.1,14.0,6.699999999999999
2022-04-02,Saturday,Spring,84.0,0.0,0.0,7.2,-0.1,0.0,-0.1,1.0,4.9,13.0,7.8
2022-04-01,Friday,Spring,47.0,0.0,0.0,3.6,2.0,5.7,0.5,1.0,7.1000000000000005,7.0,11.4
2022-03-31,Thursday,Spring,33.0,0.0,0.0,6.0,2.7,6.4,1.2000000000000002,7.0,4.0,23.0,9.0
2022-03-30,Wednesday,Spring,2.0,0.0,0.0,12.700000000000001,0.0,0.0,0.0,1.0,3.9000000000000004,3.0,2.299999999999999
2022-03-29,Tuesday,Spring,33.0,0.0,0.0,13.600000000000001,0.0,0.0,0.0,1.0,3.8000000000000003,11.0,1.3999999999999986
2022-03-28,Monday,Spring,53.0,0.0,0.0,17.8,0.0,0.0,0.0,1.0,1.9000000000000001,16.0,2.8000000000000007
2022-03-27,Sunday,Spring,18.0,0.0,0.0,16.8,0.0,0.0,0.0,1.0,2.6,4.0,1.8000000000000007
2022-03-26,Saturday,Spring,73.0,0.0,0.0,18.6,0.0,0.0,0.0,1.0,3.5,11.0,3.6000000000000014
2022-03-25,Friday,Spring,55.0,0.0,0.0,17.3,0.0,0.0,0.0,1.0,2.8000000000000003,16.0,2.3000000000000007
2022-03-24,Thursday,Spring,24.0,0.0,0.0,18.5,0.0,0.0,0.0,1.0,1.6,11.0,3.5
2022-03-23,Wednesday,Spring,2.0,0.0,0.0,19.8,0.0,0.0,0.0,1.0,1.1,5.0,4.800000000000001
2022-03-22,Tuesday,Spring,31.0,0.0,0.0,19.900000000000002,0.0,0.0,0.0,1.0,2.2,16.0,4.900000000000002
2022-03-21,Monday,Spring,29.0,0.0,0.0,19.200000000000003,0.0,0.0,0.0,1.0,1.2000000000000002,9.0,4.200000000000003
2022-03-20,Sunday,Spring,34.0,1.0,0.0,10.4,-0.1,0.0,-0.1,1.0,3.3000000000000003,3.0,4.6
2022-03-19,Saturday,Winter,88.0,0.0,0.0,13.9,0.0,0.0,0.0,1.0,6.1000000000000005,13.0,1.0999999999999996
2022-03-18,Friday,Winter,66.0,0.0,0.0,14.600000000000001,0.0,0.0,0.0,1.0,3.3000000000000003,15.0,0.3999999999999986
2022-03-17,Thursday,Winter,28.0,0.0,0.0,11.600000000000001,-0.1,0.0,-0.1,1.0,3.4000000000000004,4.0,3.3999999999999986
2022-03-16,Wednesday,Winter,2.0,0.0,0.0,13.200000000000001,-0.1,0.0,-0.1,1.0,3.7,9.0,1.799999999999999
2022-03-15,Tuesday,Winter,13.0,0.0,0.0,12.3,0.0,0.0,0.0,1.0,1.6,7.0,2.6999999999999993
2022-03-14,Monday,Winter,21.0,0.0,0.0,13.9,-0.1,0.0,-0.1,1.0,3.7,12.0,1.0999999999999996
2022-03-13,Sunday,Winter,27.0,0.0,0.0,17.7,0.1,0.6000000000000001,0.1,5.0,4.1000000000000005,14.0,2.6999999999999993
2022-03-12,Saturday,Winter,91.0,0.0,0.0,15.700000000000001,0.1,0.6000000000000001,0.1,2.0,4.0,10.0,0.7000000000000011
2022-03-11,Friday,Winter,59.0,0.0,0.0,15.5,0.0,0.0,0.0,1.0,5.2,13.0,0.5
2022-03-10,Thursday,Winter,30.0,1.0,0.0,16.7,0.0,0.0,0.0,1.0,3.2,13.0,1.6999999999999993
2022-03-09,Wednesday,Winter,23.0,0.0,0.0,14.600000000000001,0.0,0.0,0.0,1.0,2.8000000000000003,12.0,0.3999999999999986
2022-03-08,Tuesday,Winter,29.0,0.0,0.0,10.600000000000001,0.0,0.0,0.0,1.0,4.1000000000000005,10.0,4.399999999999999
2022-03-07,Monday,Winter,24.0,0.0,0.0,7.6000000000000005,0.0,0.0,0.0,1.0,3.8000000000000003,11.0,7.3999999999999995
2022-03-06,Sunday,Winter,55.0,1.0,0.0,7.1000000000000005,0.0,0.0,0.0,1.0,4.3,13.0,7.8999999999999995
2022-03-05,Saturday,Winter,73.0,0.0,0.0,10.100000000000001,0.0,0.0,0.0,1.0,2.3000000000000003,17.0,4.899999999999999
2022-03-04,Friday,Winter,57.0,0.0,0.0,11.700000000000001,0.0,0.0,0.0,1.0,2.8000000000000003,14.0,3.299999999999999
2022-03-03,Thursday,Winter,38.0,0.0,0.0,12.200000000000001,0.0,0.0,0.0,1.0,3.0,12.0,2.799999999999999
2022-03-02,Wednesday,Winter,16.0,0.0,0.0,11.9,0.0,0.0,0.0,1.0,2.8000000000000003,11.0,3.0999999999999996
2022-03-01,Tuesday,Winter,44.0,0.0,0.0,9.9,0.0,0.0,0.0,1.0,2.0,1.0,5.1
2022-02-28,Monday,Winter,18.0,0.0,0.0,10.8,0.0,0.0,0.0,1.0,2.5,11.0,4.199999999999999
2022-02-27,Sunday,Winter,27.0,0.0,0.0,10.100000000000001,0.0,0.0,0.0,1.0,3.5,11.0,4.899999999999999
2022-02-26,Saturday,Winter,39.0,0.0,0.0,7.2,0.0,0.0,0.0,1.0,2.3000000000000003,12.0,7.8
2022-02-25,Friday,Winter,52.0,0.0,0.0,9.0,1.4000000000000001,0.8,1.1,16.0,5.2,7.0,6.0
2022-02-24,Thursday,Winter,22.0,0.0,0.0,11.9,5.2,3.2,1.9000000000000001,14.0,6.300000000000001,13.0,3.0999999999999996
2022-02-23,Wednesday,Winter,24.0,0.0,0.0,12.200000000000001,0.0,0.0,0.0,1.0,4.7,12.0,2.799999999999999
2022-02-22,Tuesday,Winter,17.0,0.0,0.0,10.8,3.7,4.1000000000000005,1.2000000000000002,17.0,5.300000000000001,14.0,4.199999999999999
2022-02-21,Monday,Winter,12.0,0.0,0.0,8.200000000000001,6.300000000000001,5.2,1.6,11.0,8.3,9.0,6.799999999999999
2022-02-20,Sunday,Winter,44.0,1.0,0.0,10.700000000000001,18.6,15.3,5.1000000000000005,22.0,9.4,21.0,4.299999999999999
2022-02-19,Saturday,Winter,85.0,0.0,0.0,9.200000000000001,10.700000000000001,5.300000000000001,3.3000000000000003,22.0,9.0,1.0,5.799999999999999
2022-02-18,Friday,Winter,17.0,0.0,0.0,12.5,3.7,3.5,2.7,13.0,10.200000000000001,16.0,2.5
2022-02-17,Thursday,Winter,23.0,1.0,0.0,12.5,1.9000000000000001,1.2000000000000002,1.3,1.0,9.0,2.0,2.5
2022-02-16,Wednesday,Winter,21.0,0.0,0.0,13.700000000000001,8.0,13.3,1.2000000000000002,19.0,9.700000000000001,20.0,1.299999999999999
2022-02-15,Tuesday,Winter,18.0,0.0,0.0,9.8,6.1000000000000005,6.800000000000001,1.7000000000000002,19.0,6.5,14.0,5.199999999999999
2022-02-14,Monday,Winter,36.0,0.0,0.0,11.600000000000001,0.9,1.3,0.4,14.0,6.6000000000000005,7.0,3.3999999999999986
2022-02-13,Sunday,Winter,49.0,0.0,0.0,11.100000000000001,0.0,0.0,0.0,1.0,5.800000000000001,21.0,3.8999999999999986
2022-02-12,Saturday,Winter,59.0,0.0,0.0,7.5,0.0,0.0,0.0,1.0,3.5,13.0,7.5
2022-02-11,Friday,Winter,58.0,0.0,0.0,7.7,0.1,0.1,0.1,3.0,3.5,12.0,7.3
2022-02-10,Thursday,Winter,8.0,0.0,0.0,9.0,1.2000000000000002,3.0,0.6000000000000001,9.0,3.1,7.0,6.0
2022-02-09,Wednesday,Winter,21.0,0.0,0.0,11.4,0.1,0.2,0.1,13.0,4.5,4.0,3.5999999999999996
2022-02-08,Tuesday,Winter,6.0,1.0,0.0,11.700000000000001,0.30000000000000004,0.8,0.1,3.0,6.1000000000000005,3.0,3.299999999999999
2022-02-07,Monday,Winter,2.0,0.0,0.0,8.1,0.9,0.9,0.4,2.0,4.800000000000001,2.0,6.9
2022-02-06,Sunday,Winter,40.0,0.0,0.0,8.9,25.3,14.200000000000001,5.0,12.0,8.9,1.0,6.1
2022-02-05,Saturday,Winter,49.0,1.0,0.0,8.200000000000001,0.4,1.1,0.30000000000000004,23.0,7.300000000000001,22.0,6.799999999999999
2022-02-04,Friday,Winter,40.0,0.0,0.0,9.0,2.9000000000000004,3.8000000000000003,1.3,15.0,6.4,13.0,6.0
2022-02-03,Thursday,Winter,18.0,0.0,0.0,8.8,-0.1,0.0,-0.1,1.0,5.7,13.0,6.199999999999999
2022-02-02,Wednesday,Winter,16.0,0.0,0.0,10.700000000000001,0.2,0.7000000000000001,0.1,21.0,3.8000000000000003,1.0,4.299999999999999
2022-02-01,Tuesday,Winter,15.0,0.0,0.0,10.3,2.1,4.7,0.5,12.0,6.0,9.0,4.699999999999999
2022-01-31,Monday,Winter,8.0,0.0,0.0,6.800000000000001,10.100000000000001,13.600000000000001,1.7000000000000002,2.0,7.300000000000001,11.0,8.2
2022-01-30,Sunday,Winter,39.0,0.0,0.0,8.8,-0.1,0.0,-0.1,1.0,3.4000000000000004,24.0,6.199999999999999
2022-01-29,Saturday,Winter,75.0,0.0,0.0,12.200000000000001,-0.1,0.0,-0.1,1.0,7.1000000000000005,16.0,2.799999999999999
2022-01-28,Friday,Winter,60.0,0.0,0.0,9.1,-0.1,0.0,-0.1,1.0,3.9000000000000004,23.0,5.9
2022-01-27,Thursday,Winter,31.0,0.0,0.0,8.9,1.2000000000000002,3.6,0.4,9.0,5.7,7.0,6.1
2022-01-26,Wednesday,Winter,28.0,0.0,0.0,3.9000000000000004,0.0,0.0,0.0,1.0,4.0,23.0,11.1
2022-01-25,Tuesday,Winter,0.0,0.0,0.0,4.2,0.0,0.0,0.0,1.0,1.3,7.0,10.8
2022-01-24,Monday,Winter,0.0,0.0,0.0,5.300000000000001,0.0,0.0,0.0,1.0,1.1,1.0,9.7
2022-01-23,Sunday,Winter,0.0,1.0,0.0,6.9,0.0,0.0,0.0,1.0,1.3,1.0,8.1
2022-01-22,Saturday,Winter,0.0,0.0,0.0,6.7,-0.1,0.0,-0.1,1.0,3.0,1.0,8.3
2022-01-21,Friday,Winter,0.0,0.0,0.0,6.7,0.2,0.5,0.2,15.0,2.8000000000000003,19.0,8.3
2022-01-20,Thursday,Winter,0.0,1.0,0.0,5.6000000000000005,1.2000000000000002,1.2000000000000002,0.4,16.0,3.1,12.0,9.399999999999999
2022-01-19,Wednesday,Winter,0.0,0.0,0.0,6.300000000000001,1.0,2.0,0.6000000000000001,18.0,3.5,14.0,8.7
2022-01-18,Tuesday,Winter,0.0,0.0,0.0,8.700000000000001,0.0,0.0,0.0,1.0,1.2000000000000002,8.0,6.299999999999999
2022-01-17,Monday,Winter,0.0,0.0,0.0,8.5,0.0,0.0,0.0,1.0,3.0,11.0,6.5
2022-01-16,Sunday,Winter,0.0,0.0,0.0,5.7,0.2,0.8,0.1,22.0,4.4,10.0,9.3
2022-01-15,Saturday,Winter,0.0,0.0,0.0,3.0,0.0,0.0,0.0,1.0,2.5,3.0,12.0
2022-01-14,Friday,Winter,0.0,0.0,0.0,4.4,0.0,0.0,0.0,1.0,2.0,1.0,10.6
2022-01-13,Thursday,Winter,0.0,0.0,0.0,3.2,0.0,0.0,0.0,1.0,3.0,6.0,11.8
2022-01-12,Wednesday,Winter,0.0,0.0,0.0,3.3000000000000003,0.6000000000000001,3.0,0.30000000000000004,4.0,1.9000000000000001,23.0,11.7
2022-01-11,Tuesday,Winter,0.0,0.0,0.0,6.4,0.0,0.0,0.0,1.0,2.7,9.0,8.6
2022-01-10,Monday,Winter,0.0,0.0,0.0,2.6,0.0,0.0,0.0,1.0,2.0,10.0,12.4
2022-01-09,Sunday,Winter,0.0,0.0,0.0,7.4,5.6000000000000005,3.0,4.1000000000000005,1.0,4.1000000000000005,1.0,7.6
2022-01-08,Saturday,Winter,0.0,0.0,0.0,6.4,7.9,10.3,2.7,24.0,5.0,14.0,8.6
2022-01-07,Friday,Winter,0.0,0.0,0.0,6.2,3.9000000000000004,4.4,1.7000000000000002,15.0,5.6000000000000005,3.0,8.8
2022-01-06,Thursday,Winter,0.0,0.0,0.0,6.6000000000000005,0.0,0.0,0.0,1.0,3.5,24.0,8.399999999999999
2022-01-05,Wednesday,Winter,0.0,0.0,0.0,6.2,3.3000000000000003,2.8000000000000003,2.0,19.0,5.300000000000001,11.0,8.8
2022-01-04,Tuesday,Winter,0.0,0.0,0.0,8.5,3.9000000000000004,3.9000000000000004,1.7000000000000002,15.0,3.7,12.0,6.5
2022-01-03,Monday,Winter,0.0,0.0,0.0,11.100000000000001,0.5,0.4,0.4,7.0,6.800000000000001,1.0,3.8999999999999986
2022-01-02,Sunday,Winter,0.0,0.0,0.0,13.700000000000001,2.7,4.800000000000001,0.6000000000000001,19.0,6.6000000000000005,21.0,1.299999999999999
2022-01-01,Saturday,Winter,0.0,0.0,0.0,14.4,0.0,0.0,0.0,1.0,4.2,1.0,0.5999999999999996
